policy,split,metric_scope,row_count,precision,recall,false_positive_rate,tp,fp,fn,tn,mean_score,pre_event_threshold,leadtime_threshold,fault_events,detected_fault_events,fault_event_recall,selected_official_v3,f1
pre_0.950_or_lead_0.940,train,row,900,0.286624203822,0.206422018349,0.1642228739,45,112,173,570,84.1300552679,0.95,0.94,21,14,0.666666666667,False,0.24
pre_0.950_or_lead_0.940,validation,row,169,0.285714285714,0.230769230769,0.104895104895,6,15,20,128,84.1519516604,0.95,0.94,3,2,0.666666666667,False,0.255319148936
pre_0.950_or_lead_0.940,holdout,row,183,0.701754385965,0.519480519481,0.160377358491,40,17,37,89,86.3620299107,0.95,0.94,8,6,0.75,False,0.597014925373
pre_0.950_or_lead_0.945,train,row,900,0.287581699346,0.201834862385,0.159824046921,44,109,174,573,83.7615321674,0.95,0.945,21,14,0.666666666667,False,0.237196765499
pre_0.950_or_lead_0.945,validation,row,169,0.315789473684,0.230769230769,0.0909090909091,6,13,20,130,83.7702948557,0.95,0.945,3,2,0.666666666667,False,0.266666666667
pre_0.950_or_lead_0.945,holdout,row,183,0.701754385965,0.519480519481,0.160377358491,40,17,37,89,86.0478222604,0.95,0.945,8,6,0.75,False,0.597014925373
pre_0.950_or_lead_0.950,train,row,900,0.288590604027,0.197247706422,0.155425219941,43,106,175,576,83.3945607533,0.95,0.95,21,14,0.666666666667,False,0.234332425068
pre_0.950_or_lead_0.950,validation,row,169,0.333333333333,0.230769230769,0.0839160839161,6,12,20,131,83.3886380509,0.95,0.95,3,2,0.666666666667,False,0.272727272727
pre_0.950_or_lead_0.950,holdout,row,183,0.714285714286,0.519480519481,0.150943396226,40,16,37,90,85.7343819798,0.95,0.95,8,6,0.75,False,0.601503759398
pre_0.950_or_lead_0.955,train,row,900,0.281690140845,0.183486238532,0.149560117302,40,102,178,580,83.0304080383,0.95,0.955,21,13,0.619047619048,False,0.222222222222
pre_0.950_or_lead_0.955,validation,row,169,0.352941176471,0.230769230769,0.0769230769231,6,11,20,132,83.0105744374,0.95,0.955,3,2,0.666666666667,False,0.279069767442
pre_0.950_or_lead_0.955,holdout,row,183,0.709090909091,0.506493506494,0.150943396226,39,16,38,90,85.42290657,0.95,0.955,8,6,0.75,False,0.590909090909
pre_0.950_or_lead_0.960,train,row,900,0.280575539568,0.178899082569,0.146627565982,39,100,179,582,82.669355593,0.95,0.96,21,13,0.619047619048,False,0.218487394958
pre_0.950_or_lead_0.960,validation,row,169,0.375,0.230769230769,0.0699300699301,6,10,20,133,82.6377933723,0.95,0.96,3,2,0.666666666667,False,0.285714285714
pre_0.950_or_lead_0.960,holdout,row,183,0.709090909091,0.506493506494,0.150943396226,39,16,38,90,85.1150945971,0.95,0.96,8,6,0.75,False,0.590909090909
pre_0.950_or_lead_0.965,train,row,900,0.280303030303,0.169724770642,0.139296187683,37,95,181,587,82.3100980144,0.95,0.965,21,13,0.619047619048,False,0.211428571429
pre_0.950_or_lead_0.965,validation,row,169,0.4,0.230769230769,0.0629370629371,6,9,20,134,82.2650123072,0.95,0.965,3,2,0.666666666667,False,0.292682926829
pre_0.950_or_lead_0.965,holdout,row,183,0.686274509804,0.454545454545,0.150943396226,35,16,42,90,84.8096896862,0.95,0.965,8,6,0.75,False,0.546875
pre_0.950_or_lead_0.970,train,row,900,0.28125,0.165137614679,0.134897360704,36,92,182,590,81.9527687695,0.95,0.97,21,13,0.619047619048,False,0.208092485549
pre_0.950_or_lead_0.970,validation,row,169,0.4,0.230769230769,0.0629370629371,6,9,20,134,81.8935977756,0.95,0.97,3,2,0.666666666667,False,0.292682926829
pre_0.950_or_lead_0.970,holdout,row,183,0.686274509804,0.454545454545,0.150943396226,35,16,42,90,84.5064109977,0.95,0.97,8,6,0.75,False,0.546875
pre_0.950_or_lead_0.975,train,row,900,0.27868852459,0.155963302752,0.129032258065,34,88,184,594,81.5966632144,0.95,0.975,21,13,0.619047619048,False,0.2
pre_0.950_or_lead_0.975,validation,row,169,0.4,0.230769230769,0.0629370629371,6,9,20,134,81.5262484076,0.95,0.975,3,2,0.666666666667,False,0.292682926829
pre_0.950_or_lead_0.975,holdout,row,183,0.666666666667,0.415584415584,0.150943396226,32,16,45,90,84.2031323091,0.95,0.975,8,4,0.5,False,0.512
pre_0.950_or_lead_0.980,train,row,900,0.280991735537,0.155963302752,0.127565982405,34,87,184,595,81.2428817024,0.95,0.98,21,13,0.619047619048,False,0.200589970501
pre_0.950_or_lead_0.980,validation,row,169,0.4,0.230769230769,0.0629370629371,6,9,20,134,81.1658984101,0.95,0.98,3,2,0.666666666667,False,0.292682926829
pre_0.950_or_lead_0.980,holdout,row,183,0.666666666667,0.415584415584,0.150943396226,32,16,45,90,83.8998536206,0.95,0.98,8,4,0.5,False,0.512
pre_0.950_or_lead_0.985,train,row,900,0.264957264957,0.142201834862,0.126099706745,31,86,187,596,80.8911643152,0.95,0.985,21,13,0.619047619048,False,0.185074626866
pre_0.950_or_lead_0.985,validation,row,169,0.4,0.230769230769,0.0629370629371,6,9,20,134,80.8079102444,0.95,0.985,3,2,0.666666666667,False,0.292682926829
pre_0.950_or_lead_0.985,holdout,row,183,0.666666666667,0.415584415584,0.150943396226,32,16,45,90,83.5965749321,0.95,0.985,8,4,0.5,False,0.512
pre_0.950_or_lead_0.990,train,row,900,0.264957264957,0.142201834862,0.126099706745,31,86,187,596,80.5410658444,0.95,0.99,21,13,0.619047619048,False,0.185074626866
pre_0.950_or_lead_0.990,validation,row,169,0.4,0.230769230769,0.0629370629371,6,9,20,134,80.4529583172,0.95,0.99,3,2,0.666666666667,False,0.292682926829
pre_0.950_or_lead_0.990,holdout,row,183,0.659574468085,0.402597402597,0.150943396226,31,16,46,90,83.2953408182,0.95,0.99,8,4,0.5,False,0.5
pre_0.955_or_lead_0.940,train,row,900,0.282894736842,0.197247706422,0.159824046921,43,109,175,573,84.4993126771,0.955,0.94,21,14,0.666666666667,False,0.232432432432
pre_0.955_or_lead_0.940,validation,row,169,0.222222222222,0.153846153846,0.0979020979021,4,14,22,129,84.5364965153,0.955,0.94,3,1,0.333333333333,False,0.181818181818
pre_0.955_or_lead_0.940,holdout,row,183,0.714285714286,0.519480519481,0.150943396226,40,16,37,90,86.6738058411,0.955,0.94,8,6,0.75,False,0.601503759398
pre_0.955_or_lead_0.945,train,row,900,0.283783783784,0.192660550459,0.155425219941,42,106,176,576,84.1300552679,0.955,0.945,21,14,0.666666666667,False,0.229508196721
pre_0.955_or_lead_0.945,validation,row,169,0.25,0.153846153846,0.0839160839161,4,12,22,131,84.1519516604,0.955,0.945,3,1,0.333333333333,False,0.190476190476
pre_0.955_or_lead_0.945,holdout,row,183,0.714285714286,0.519480519481,0.150943396226,40,16,37,90,86.3620299107,0.955,0.945,8,6,0.75,False,0.601503759398
pre_0.955_or_lead_0.950,train,row,900,0.27972027972,0.183486238532,0.151026392962,40,103,178,579,83.7615321674,0.955,0.95,21,13,0.619047619048,False,0.221606648199
pre_0.955_or_lead_0.950,validation,row,169,0.266666666667,0.153846153846,0.0769230769231,4,11,22,132,83.7702948557,0.955,0.95,3,1,0.333333333333,False,0.19512195122
pre_0.955_or_lead_0.950,holdout,row,183,0.727272727273,0.519480519481,0.141509433962,40,15,37,91,86.0478222604,0.955,0.95,8,6,0.75,False,0.606060606061
pre_0.955_or_lead_0.955,train,row,900,0.272058823529,0.169724770642,0.145161290323,37,99,181,583,83.3945607533,0.955,0.955,21,12,0.571428571429,False,0.209039548023
pre_0.955_or_lead_0.955,validation,row,169,0.285714285714,0.153846153846,0.0699300699301,4,10,22,133,83.3886380509,0.955,0.955,3,1,0.333333333333,False,0.2
pre_0.955_or_lead_0.955,holdout,row,183,0.722222222222,0.506493506494,0.141509433962,39,15,38,91,85.7343819798,0.955,0.955,8,6,0.75,False,0.595419847328
pre_0.955_or_lead_0.960,train,row,900,0.270676691729,0.165137614679,0.142228739003,36,97,182,585,83.0304080383,0.955,0.96,21,12,0.571428571429,False,0.205128205128
pre_0.955_or_lead_0.960,validation,row,169,0.307692307692,0.153846153846,0.0629370629371,4,9,22,134,83.0105744374,0.955,0.96,3,1,0.333333333333,False,0.205128205128
pre_0.955_or_lead_0.960,holdout,row,183,0.722222222222,0.506493506494,0.141509433962,39,15,38,91,85.42290657,0.955,0.96,8,6,0.75,False,0.595419847328
pre_0.955_or_lead_0.965,train,row,900,0.269841269841,0.155963302752,0.134897360704,34,92,184,590,82.669355593,0.955,0.965,21,12,0.571428571429,False,0.197674418605
pre_0.955_or_lead_0.965,validation,row,169,0.333333333333,0.153846153846,0.0559440559441,4,8,22,135,82.6377933723,0.955,0.965,3,1,0.333333333333,False,0.210526315789
pre_0.955_or_lead_0.965,holdout,row,183,0.7,0.454545454545,0.141509433962,35,15,42,91,85.1150945971,0.955,0.965,8,6,0.75,False,0.551181102362
pre_0.955_or_lead_0.970,train,row,900,0.270491803279,0.151376146789,0.130498533724,33,89,185,593,82.3100980144,0.955,0.97,21,12,0.571428571429,False,0.194117647059
pre_0.955_or_lead_0.970,validation,row,169,0.333333333333,0.153846153846,0.0559440559441,4,8,22,135,82.2650123072,0.955,0.97,3,1,0.333333333333,False,0.210526315789
pre_0.955_or_lead_0.970,holdout,row,183,0.7,0.454545454545,0.141509433962,35,15,42,91,84.8096896862,0.955,0.97,8,6,0.75,False,0.551181102362
pre_0.955_or_lead_0.975,train,row,900,0.26724137931,0.142201834862,0.124633431085,31,85,187,597,81.9527687695,0.955,0.975,21,12,0.571428571429,False,0.185628742515
pre_0.955_or_lead_0.975,validation,row,169,0.333333333333,0.153846153846,0.0559440559441,4,8,22,135,81.8935977756,0.955,0.975,3,1,0.333333333333,False,0.210526315789
pre_0.955_or_lead_0.975,holdout,row,183,0.68085106383,0.415584415584,0.141509433962,32,15,45,91,84.5064109977,0.955,0.975,8,4,0.5,False,0.516129032258
pre_0.955_or_lead_0.980,train,row,900,0.269565217391,0.142201834862,0.123167155425,31,84,187,598,81.5966632144,0.955,0.98,21,12,0.571428571429,False,0.186186186186
pre_0.955_or_lead_0.980,validation,row,169,0.333333333333,0.153846153846,0.0559440559441,4,8,22,135,81.5262484076,0.955,0.98,3,1,0.333333333333,False,0.210526315789
pre_0.955_or_lead_0.980,holdout,row,183,0.68085106383,0.415584415584,0.141509433962,32,15,45,91,84.2031323091,0.955,0.98,8,4,0.5,False,0.516129032258
pre_0.955_or_lead_0.985,train,row,900,0.252252252252,0.128440366972,0.121700879765,28,83,190,599,81.2428817024,0.955,0.985,21,11,0.52380952381,False,0.170212765957
pre_0.955_or_lead_0.985,validation,row,169,0.333333333333,0.153846153846,0.0559440559441,4,8,22,135,81.1658984101,0.955,0.985,3,1,0.333333333333,False,0.210526315789
pre_0.955_or_lead_0.985,holdout,row,183,0.68085106383,0.415584415584,0.141509433962,32,15,45,91,83.8998536206,0.955,0.985,8,4,0.5,False,0.516129032258
pre_0.955_or_lead_0.990,train,row,900,0.252252252252,0.128440366972,0.121700879765,28,83,190,599,80.8911643152,0.955,0.99,21,11,0.52380952381,False,0.170212765957
pre_0.955_or_lead_0.990,validation,row,169,0.333333333333,0.153846153846,0.0559440559441,4,8,22,135,80.8079102444,0.955,0.99,3,1,0.333333333333,False,0.210526315789
pre_0.955_or_lead_0.990,holdout,row,183,0.673913043478,0.402597402597,0.141509433962,31,15,46,91,83.5965749321,0.955,0.99,8,4,0.5,False,0.50406504065
pre_0.960_or_lead_0.940,train,row,900,0.289655172414,0.192660550459,0.151026392962,42,103,176,579,84.8700005117,0.96,0.94,21,14,0.666666666667,False,0.231404958678
pre_0.960_or_lead_0.940,validation,row,169,0.235294117647,0.153846153846,0.0909090909091,4,13,22,130,84.9217498489,0.96,0.94,3,1,0.333333333333,False,0.186046511628
pre_0.960_or_lead_0.940,holdout,row,183,0.709090909091,0.506493506494,0.150943396226,39,16,38,90,86.9852812509,0.96,0.94,8,6,0.75,False,0.590909090909
pre_0.960_or_lead_0.945,train,row,900,0.290780141844,0.188073394495,0.146627565982,41,100,177,582,84.4993126771,0.96,0.945,21,14,0.666666666667,False,0.228412256267
pre_0.960_or_lead_0.945,validation,row,169,0.266666666667,0.153846153846,0.0769230769231,4,11,22,132,84.5364965153,0.96,0.945,3,1,0.333333333333,False,0.19512195122
pre_0.960_or_lead_0.945,holdout,row,183,0.709090909091,0.506493506494,0.150943396226,39,16,38,90,86.6738058411,0.96,0.945,8,6,0.75,False,0.590909090909
pre_0.960_or_lead_0.950,train,row,900,0.286764705882,0.178899082569,0.142228739003,39,97,179,585,84.1300552679,0.96,0.95,21,13,0.619047619048,False,0.220338983051
pre_0.960_or_lead_0.950,validation,row,169,0.285714285714,0.153846153846,0.0699300699301,4,10,22,133,84.1519516604,0.96,0.95,3,1,0.333333333333,False,0.2
pre_0.960_or_lead_0.950,holdout,row,183,0.722222222222,0.506493506494,0.141509433962,39,15,38,91,86.3620299107,0.96,0.95,8,6,0.75,False,0.595419847328
pre_0.960_or_lead_0.955,train,row,900,0.279069767442,0.165137614679,0.136363636364,36,93,182,589,83.7615321674,0.96,0.955,21,12,0.571428571429,False,0.207492795389
pre_0.960_or_lead_0.955,validation,row,169,0.307692307692,0.153846153846,0.0629370629371,4,9,22,134,83.7702948557,0.96,0.955,3,1,0.333333333333,False,0.205128205128
pre_0.960_or_lead_0.955,holdout,row,183,0.716981132075,0.493506493506,0.141509433962,38,15,39,91,86.0478222604,0.96,0.955,8,6,0.75,False,0.584615384615
pre_0.960_or_lead_0.960,train,row,900,0.277777777778,0.160550458716,0.133431085044,35,91,183,591,83.3945607533,0.96,0.96,21,12,0.571428571429,False,0.203488372093
pre_0.960_or_lead_0.960,validation,row,169,0.333333333333,0.153846153846,0.0559440559441,4,8,22,135,83.3886380509,0.96,0.96,3,1,0.333333333333,False,0.210526315789
pre_0.960_or_lead_0.960,holdout,row,183,0.716981132075,0.493506493506,0.141509433962,38,15,39,91,85.7343819798,0.96,0.96,8,6,0.75,False,0.584615384615
pre_0.960_or_lead_0.965,train,row,900,0.27731092437,0.151376146789,0.126099706745,33,86,185,596,83.0304080383,0.96,0.965,21,12,0.571428571429,False,0.195845697329
pre_0.960_or_lead_0.965,validation,row,169,0.363636363636,0.153846153846,0.048951048951,4,7,22,136,83.0105744374,0.96,0.965,3,1,0.333333333333,False,0.216216216216
pre_0.960_or_lead_0.965,holdout,row,183,0.69387755102,0.441558441558,0.141509433962,34,15,43,91,85.42290657,0.96,0.965,8,6,0.75,False,0.539682539683
pre_0.960_or_lead_0.970,train,row,900,0.278260869565,0.146788990826,0.121700879765,32,83,186,599,82.669355593,0.96,0.97,21,12,0.571428571429,False,0.192192192192
pre_0.960_or_lead_0.970,validation,row,169,0.363636363636,0.153846153846,0.048951048951,4,7,22,136,82.6377933723,0.96,0.97,3,1,0.333333333333,False,0.216216216216
pre_0.960_or_lead_0.970,holdout,row,183,0.69387755102,0.441558441558,0.141509433962,34,15,43,91,85.1150945971,0.96,0.97,8,6,0.75,False,0.539682539683
pre_0.960_or_lead_0.975,train,row,900,0.275229357798,0.137614678899,0.115835777126,30,79,188,603,82.3100980144,0.96,0.975,21,12,0.571428571429,False,0.183486238532
pre_0.960_or_lead_0.975,validation,row,169,0.363636363636,0.153846153846,0.048951048951,4,7,22,136,82.2650123072,0.96,0.975,3,1,0.333333333333,False,0.216216216216
pre_0.960_or_lead_0.975,holdout,row,183,0.673913043478,0.402597402597,0.141509433962,31,15,46,91,84.8096896862,0.96,0.975,8,4,0.5,False,0.50406504065
pre_0.960_or_lead_0.980,train,row,900,0.277777777778,0.137614678899,0.114369501466,30,78,188,604,81.9527687695,0.96,0.98,21,12,0.571428571429,False,0.184049079755
pre_0.960_or_lead_0.980,validation,row,169,0.363636363636,0.153846153846,0.048951048951,4,7,22,136,81.8935977756,0.96,0.98,3,1,0.333333333333,False,0.216216216216
pre_0.960_or_lead_0.980,holdout,row,183,0.673913043478,0.402597402597,0.141509433962,31,15,46,91,84.5064109977,0.96,0.98,8,4,0.5,False,0.50406504065
pre_0.960_or_lead_0.985,train,row,900,0.259615384615,0.123853211009,0.112903225806,27,77,191,605,81.5966632144,0.96,0.985,21,11,0.52380952381,False,0.167701863354
pre_0.960_or_lead_0.985,validation,row,169,0.363636363636,0.153846153846,0.048951048951,4,7,22,136,81.5262484076,0.96,0.985,3,1,0.333333333333,False,0.216216216216
pre_0.960_or_lead_0.985,holdout,row,183,0.673913043478,0.402597402597,0.141509433962,31,15,46,91,84.2031323091,0.96,0.985,8,4,0.5,False,0.50406504065
pre_0.960_or_lead_0.990,train,row,900,0.259615384615,0.123853211009,0.112903225806,27,77,191,605,81.2428817024,0.96,0.99,21,11,0.52380952381,False,0.167701863354
pre_0.960_or_lead_0.990,validation,row,169,0.363636363636,0.153846153846,0.048951048951,4,7,22,136,81.1658984101,0.96,0.99,3,1,0.333333333333,False,0.216216216216
pre_0.960_or_lead_0.990,holdout,row,183,0.666666666667,0.38961038961,0.141509433962,30,15,47,91,83.8998536206,0.96,0.99,8,4,0.5,False,0.491803278689
pre_0.965_or_lead_0.940,train,row,900,0.294964028777,0.188073394495,0.143695014663,41,98,177,584,85.2411643093,0.965,0.94,21,14,0.666666666667,False,0.229691876751
pre_0.965_or_lead_0.940,validation,row,169,0.25,0.153846153846,0.0839160839161,4,12,22,131,85.3093238134,0.965,0.94,3,1,0.333333333333,False,0.190476190476
pre_0.965_or_lead_0.940,holdout,row,183,0.703703703704,0.493506493506,0.150943396226,38,16,39,90,87.3022781391,0.965,0.94,8,6,0.75,False,0.580152671756
pre_0.965_or_lead_0.945,train,row,900,0.296296296296,0.183486238532,0.139296187683,40,95,178,587,84.8700005117,0.965,0.945,21,14,0.666666666667,False,0.226628895184
pre_0.965_or_lead_0.945,validation,row,169,0.285714285714,0.153846153846,0.0699300699301,4,10,22,133,84.9217498489,0.965,0.945,3,1,0.333333333333,False,0.2
pre_0.965_or_lead_0.945,holdout,row,183,0.703703703704,0.493506493506,0.150943396226,38,16,39,90,86.9852812509,0.965,0.945,8,6,0.75,False,0.580152671756
pre_0.965_or_lead_0.950,train,row,900,0.292307692308,0.174311926606,0.134897360704,38,92,180,590,84.4993126771,0.965,0.95,21,13,0.619047619048,False,0.218390804598
pre_0.965_or_lead_0.950,validation,row,169,0.307692307692,0.153846153846,0.0629370629371,4,9,22,134,84.5364965153,0.965,0.95,3,1,0.333333333333,False,0.205128205128
pre_0.965_or_lead_0.950,holdout,row,183,0.716981132075,0.493506493506,0.141509433962,38,15,39,91,86.6738058411,0.965,0.95,8,6,0.75,False,0.584615384615
pre_0.965_or_lead_0.955,train,row,900,0.284552845528,0.160550458716,0.129032258065,35,88,183,594,84.1300552679,0.965,0.955,21,12,0.571428571429,False,0.205278592375
pre_0.965_or_lead_0.955,validation,row,169,0.333333333333,0.153846153846,0.0559440559441,4,8,22,135,84.1519516604,0.965,0.955,3,1,0.333333333333,False,0.210526315789
pre_0.965_or_lead_0.955,holdout,row,183,0.711538461538,0.480519480519,0.141509433962,37,15,40,91,86.3620299107,0.965,0.955,8,6,0.75,False,0.573643410853
pre_0.965_or_lead_0.960,train,row,900,0.283333333333,0.155963302752,0.126099706745,34,86,184,596,83.7615321674,0.965,0.96,21,12,0.571428571429,False,0.201183431953
pre_0.965_or_lead_0.960,validation,row,169,0.363636363636,0.153846153846,0.048951048951,4,7,22,136,83.7702948557,0.965,0.96,3,1,0.333333333333,False,0.216216216216
pre_0.965_or_lead_0.960,holdout,row,183,0.711538461538,0.480519480519,0.141509433962,37,15,40,91,86.0478222604,0.965,0.96,8,6,0.75,False,0.573643410853
pre_0.965_or_lead_0.965,train,row,900,0.276785714286,0.142201834862,0.118768328446,31,81,187,601,83.3945607533,0.965,0.965,21,12,0.571428571429,False,0.187878787879
pre_0.965_or_lead_0.965,validation,row,169,0.4,0.153846153846,0.041958041958,4,6,22,137,83.3886380509,0.965,0.965,3,1,0.333333333333,False,0.222222222222
pre_0.965_or_lead_0.965,holdout,row,183,0.6875,0.428571428571,0.141509433962,33,15,44,91,85.7343819798,0.965,0.965,8,6,0.75,False,0.528
pre_0.965_or_lead_0.970,train,row,900,0.277777777778,0.137614678899,0.114369501466,30,78,188,604,83.0304080383,0.965,0.97,21,12,0.571428571429,False,0.184049079755
pre_0.965_or_lead_0.970,validation,row,169,0.4,0.153846153846,0.041958041958,4,6,22,137,83.0105744374,0.965,0.97,3,1,0.333333333333,False,0.222222222222
pre_0.965_or_lead_0.970,holdout,row,183,0.6875,0.428571428571,0.141509433962,33,15,44,91,85.42290657,0.965,0.97,8,6,0.75,False,0.528
pre_0.965_or_lead_0.975,train,row,900,0.274509803922,0.128440366972,0.108504398827,28,74,190,608,82.669355593,0.965,0.975,21,12,0.571428571429,False,0.175
pre_0.965_or_lead_0.975,validation,row,169,0.4,0.153846153846,0.041958041958,4,6,22,137,82.6377933723,0.965,0.975,3,1,0.333333333333,False,0.222222222222
pre_0.965_or_lead_0.975,holdout,row,183,0.666666666667,0.38961038961,0.141509433962,30,15,47,91,85.1150945971,0.965,0.975,8,4,0.5,False,0.491803278689
pre_0.965_or_lead_0.980,train,row,900,0.277227722772,0.128440366972,0.107038123167,28,73,190,609,82.3100980144,0.965,0.98,21,12,0.571428571429,False,0.175548589342
pre_0.965_or_lead_0.980,validation,row,169,0.4,0.153846153846,0.041958041958,4,6,22,137,82.2650123072,0.965,0.98,3,1,0.333333333333,False,0.222222222222
pre_0.965_or_lead_0.980,holdout,row,183,0.666666666667,0.38961038961,0.141509433962,30,15,47,91,84.8096896862,0.965,0.98,8,4,0.5,False,0.491803278689
pre_0.965_or_lead_0.985,train,row,900,0.257731958763,0.114678899083,0.105571847507,25,72,193,610,81.9527687695,0.965,0.985,21,11,0.52380952381,False,0.15873015873
pre_0.965_or_lead_0.985,validation,row,169,0.4,0.153846153846,0.041958041958,4,6,22,137,81.8935977756,0.965,0.985,3,1,0.333333333333,False,0.222222222222
pre_0.965_or_lead_0.985,holdout,row,183,0.666666666667,0.38961038961,0.141509433962,30,15,47,91,84.5064109977,0.965,0.985,8,4,0.5,False,0.491803278689
pre_0.965_or_lead_0.990,train,row,900,0.257731958763,0.114678899083,0.105571847507,25,72,193,610,81.5966632144,0.965,0.99,21,11,0.52380952381,False,0.15873015873
pre_0.965_or_lead_0.990,validation,row,169,0.4,0.153846153846,0.041958041958,4,6,22,137,81.5262484076,0.965,0.99,3,1,0.333333333333,False,0.222222222222
pre_0.965_or_lead_0.990,holdout,row,183,0.659090909091,0.376623376623,0.141509433962,29,15,48,91,84.2031323091,0.965,0.99,8,4,0.5,False,0.479338842975
pre_0.970_or_lead_0.940,train,row,900,0.297709923664,0.178899082569,0.134897360704,39,92,179,590,85.6143557464,0.97,0.94,21,14,0.666666666667,False,0.223495702006
pre_0.970_or_lead_0.940,validation,row,169,0.25,0.153846153846,0.0839160839161,4,12,22,131,85.7006700218,0.97,0.94,3,1,0.333333333333,False,0.190476190476
pre_0.970_or_lead_0.940,holdout,row,183,0.703703703704,0.493506493506,0.150943396226,38,16,39,90,87.6210682952,0.97,0.94,8,6,0.75,False,0.580152671756
pre_0.970_or_lead_0.945,train,row,900,0.299212598425,0.174311926606,0.130498533724,38,89,180,593,85.2411643093,0.97,0.945,21,14,0.666666666667,False,0.220289855072
pre_0.970_or_lead_0.945,validation,row,169,0.285714285714,0.153846153846,0.0699300699301,4,10,22,133,85.3093238134,0.97,0.945,3,1,0.333333333333,False,0.2
pre_0.970_or_lead_0.945,holdout,row,183,0.703703703704,0.493506493506,0.150943396226,38,16,39,90,87.3022781391,0.97,0.945,8,6,0.75,False,0.580152671756
pre_0.970_or_lead_0.950,train,row,900,0.295081967213,0.165137614679,0.126099706745,36,86,182,596,84.8700005117,0.97,0.95,21,13,0.619047619048,False,0.211764705882
pre_0.970_or_lead_0.950,validation,row,169,0.307692307692,0.153846153846,0.0629370629371,4,9,22,134,84.9217498489,0.97,0.95,3,1,0.333333333333,False,0.205128205128
pre_0.970_or_lead_0.950,holdout,row,183,0.716981132075,0.493506493506,0.141509433962,38,15,39,91,86.9852812509,0.97,0.95,8,6,0.75,False,0.584615384615
pre_0.970_or_lead_0.955,train,row,900,0.286956521739,0.151376146789,0.120234604106,33,82,185,600,84.4993126771,0.97,0.955,21,12,0.571428571429,False,0.198198198198
pre_0.970_or_lead_0.955,validation,row,169,0.333333333333,0.153846153846,0.0559440559441,4,8,22,135,84.5364965153,0.97,0.955,3,1,0.333333333333,False,0.210526315789
pre_0.970_or_lead_0.955,holdout,row,183,0.711538461538,0.480519480519,0.141509433962,37,15,40,91,86.6738058411,0.97,0.955,8,6,0.75,False,0.573643410853
pre_0.970_or_lead_0.960,train,row,900,0.285714285714,0.146788990826,0.117302052786,32,80,186,602,84.1300552679,0.97,0.96,21,12,0.571428571429,False,0.193939393939
pre_0.970_or_lead_0.960,validation,row,169,0.363636363636,0.153846153846,0.048951048951,4,7,22,136,84.1519516604,0.97,0.96,3,1,0.333333333333,False,0.216216216216
pre_0.970_or_lead_0.960,holdout,row,183,0.711538461538,0.480519480519,0.141509433962,37,15,40,91,86.3620299107,0.97,0.96,8,6,0.75,False,0.573643410853
pre_0.970_or_lead_0.965,train,row,900,0.278846153846,0.133027522936,0.109970674487,29,75,189,607,83.7615321674,0.97,0.965,21,12,0.571428571429,False,0.180124223602
pre_0.970_or_lead_0.965,validation,row,169,0.4,0.153846153846,0.041958041958,4,6,22,137,83.7702948557,0.97,0.965,3,1,0.333333333333,False,0.222222222222
pre_0.970_or_lead_0.965,holdout,row,183,0.6875,0.428571428571,0.141509433962,33,15,44,91,86.0478222604,0.97,0.965,8,6,0.75,False,0.528
pre_0.970_or_lead_0.970,train,row,900,0.28,0.128440366972,0.105571847507,28,72,190,610,83.3945607533,0.97,0.97,21,12,0.571428571429,False,0.176100628931
pre_0.970_or_lead_0.970,validation,row,169,0.4,0.153846153846,0.041958041958,4,6,22,137,83.3886380509,0.97,0.97,3,1,0.333333333333,False,0.222222222222
pre_0.970_or_lead_0.970,holdout,row,183,0.6875,0.428571428571,0.141509433962,33,15,44,91,85.7343819798,0.97,0.97,8,6,0.75,False,0.528
pre_0.970_or_lead_0.975,train,row,900,0.276595744681,0.119266055046,0.099706744868,26,68,192,614,83.0304080383,0.97,0.975,21,12,0.571428571429,False,0.166666666667
pre_0.970_or_lead_0.975,validation,row,169,0.4,0.153846153846,0.041958041958,4,6,22,137,83.0105744374,0.97,0.975,3,1,0.333333333333,False,0.222222222222
pre_0.970_or_lead_0.975,holdout,row,183,0.666666666667,0.38961038961,0.141509433962,30,15,47,91,85.42290657,0.97,0.975,8,4,0.5,False,0.491803278689
pre_0.970_or_lead_0.980,train,row,900,0.279569892473,0.119266055046,0.0982404692082,26,67,192,615,82.669355593,0.97,0.98,21,12,0.571428571429,False,0.167202572347
pre_0.970_or_lead_0.980,validation,row,169,0.4,0.153846153846,0.041958041958,4,6,22,137,82.6377933723,0.97,0.98,3,1,0.333333333333,False,0.222222222222
pre_0.970_or_lead_0.980,holdout,row,183,0.666666666667,0.38961038961,0.141509433962,30,15,47,91,85.1150945971,0.97,0.98,8,4,0.5,False,0.491803278689
pre_0.970_or_lead_0.985,train,row,900,0.258426966292,0.105504587156,0.0967741935484,23,66,195,616,82.3100980144,0.97,0.985,21,11,0.52380952381,False,0.14983713355
pre_0.970_or_lead_0.985,validation,row,169,0.4,0.153846153846,0.041958041958,4,6,22,137,82.2650123072,0.97,0.985,3,1,0.333333333333,False,0.222222222222
pre_0.970_or_lead_0.985,holdout,row,183,0.666666666667,0.38961038961,0.141509433962,30,15,47,91,84.8096896862,0.97,0.985,8,4,0.5,False,0.491803278689
pre_0.970_or_lead_0.990,train,row,900,0.258426966292,0.105504587156,0.0967741935484,23,66,195,616,81.9527687695,0.97,0.99,21,11,0.52380952381,False,0.14983713355
pre_0.970_or_lead_0.990,validation,row,169,0.4,0.153846153846,0.041958041958,4,6,22,137,81.8935977756,0.97,0.99,3,1,0.333333333333,False,0.222222222222
pre_0.970_or_lead_0.990,holdout,row,183,0.659090909091,0.376623376623,0.141509433962,29,15,48,91,84.5064109977,0.97,0.99,8,4,0.5,False,0.479338842975
pre_0.975_or_lead_0.940,train,row,900,0.283333333333,0.155963302752,0.126099706745,34,86,184,596,85.9849075525,0.975,0.94,21,13,0.619047619048,False,0.201183431953
pre_0.975_or_lead_0.940,validation,row,169,0.266666666667,0.153846153846,0.0769230769231,4,11,22,132,86.0998372057,0.975,0.94,3,1,0.333333333333,False,0.19512195122
pre_0.975_or_lead_0.940,holdout,row,183,0.716981132075,0.493506493506,0.141509433962,38,15,39,91,87.9380081859,0.975,0.94,8,6,0.75,False,0.584615384615
pre_0.975_or_lead_0.945,train,row,900,0.284482758621,0.151376146789,0.121700879765,33,83,185,599,85.6143557464,0.975,0.945,21,13,0.619047619048,False,0.197604790419
pre_0.975_or_lead_0.945,validation,row,169,0.307692307692,0.153846153846,0.0629370629371,4,9,22,134,85.7006700218,0.975,0.945,3,1,0.333333333333,False,0.205128205128
pre_0.975_or_lead_0.945,holdout,row,183,0.716981132075,0.493506493506,0.141509433962,38,15,39,91,87.6210682952,0.975,0.945,8,6,0.75,False,0.584615384615
pre_0.975_or_lead_0.950,train,row,900,0.279279279279,0.142201834862,0.117302052786,31,80,187,602,85.2411643093,0.975,0.95,21,12,0.571428571429,False,0.188449848024
pre_0.975_or_lead_0.950,validation,row,169,0.333333333333,0.153846153846,0.0559440559441,4,8,22,135,85.3093238134,0.975,0.95,3,1,0.333333333333,False,0.210526315789
pre_0.975_or_lead_0.950,holdout,row,183,0.730769230769,0.493506493506,0.132075471698,38,14,39,92,87.3022781391,0.975,0.95,8,6,0.75,False,0.589147286822
pre_0.975_or_lead_0.955,train,row,900,0.269230769231,0.128440366972,0.111436950147,28,76,190,606,84.8700005117,0.975,0.955,21,11,0.52380952381,False,0.173913043478
pre_0.975_or_lead_0.955,validation,row,169,0.363636363636,0.153846153846,0.048951048951,4,7,22,136,84.9217498489,0.975,0.955,3,1,0.333333333333,False,0.216216216216
pre_0.975_or_lead_0.955,holdout,row,183,0.725490196078,0.480519480519,0.132075471698,37,14,40,92,86.9852812509,0.975,0.955,8,6,0.75,False,0.578125
pre_0.975_or_lead_0.960,train,row,900,0.267326732673,0.123853211009,0.108504398827,27,74,191,608,84.4993126771,0.975,0.96,21,11,0.52380952381,False,0.169278996865
pre_0.975_or_lead_0.960,validation,row,169,0.4,0.153846153846,0.041958041958,4,6,22,137,84.5364965153,0.975,0.96,3,1,0.333333333333,False,0.222222222222
pre_0.975_or_lead_0.960,holdout,row,183,0.725490196078,0.480519480519,0.132075471698,37,14,40,92,86.6738058411,0.975,0.96,8,6,0.75,False,0.578125
pre_0.975_or_lead_0.965,train,row,900,0.258064516129,0.110091743119,0.101173020528,24,69,194,613,84.1300552679,0.975,0.965,21,11,0.52380952381,False,0.154340836013
pre_0.975_or_lead_0.965,validation,row,169,0.444444444444,0.153846153846,0.034965034965,4,5,22,138,84.1519516604,0.975,0.965,3,1,0.333333333333,False,0.228571428571
pre_0.975_or_lead_0.965,holdout,row,183,0.702127659574,0.428571428571,0.132075471698,33,14,44,92,86.3620299107,0.975,0.965,8,6,0.75,False,0.532258064516
pre_0.975_or_lead_0.970,train,row,900,0.258426966292,0.105504587156,0.0967741935484,23,66,195,616,83.7615321674,0.975,0.97,21,11,0.52380952381,False,0.14983713355
pre_0.975_or_lead_0.970,validation,row,169,0.444444444444,0.153846153846,0.034965034965,4,5,22,138,83.7702948557,0.975,0.97,3,1,0.333333333333,False,0.228571428571
pre_0.975_or_lead_0.970,holdout,row,183,0.702127659574,0.428571428571,0.132075471698,33,14,44,92,86.0478222604,0.975,0.97,8,6,0.75,False,0.532258064516
pre_0.975_or_lead_0.975,train,row,900,0.243902439024,0.0917431192661,0.0909090909091,20,62,198,620,83.3945607533,0.975,0.975,21,11,0.52380952381,False,0.133333333333
pre_0.975_or_lead_0.975,validation,row,169,0.444444444444,0.153846153846,0.034965034965,4,5,22,138,83.3886380509,0.975,0.975,3,1,0.333333333333,False,0.228571428571
pre_0.975_or_lead_0.975,holdout,row,183,0.681818181818,0.38961038961,0.132075471698,30,14,47,92,85.7343819798,0.975,0.975,8,4,0.5,False,0.495867768595
pre_0.975_or_lead_0.980,train,row,900,0.2375,0.0871559633028,0.0894428152493,19,61,199,621,83.0304080383,0.975,0.98,21,10,0.47619047619,False,0.127516778523
pre_0.975_or_lead_0.980,validation,row,169,0.444444444444,0.153846153846,0.034965034965,4,5,22,138,83.0105744374,0.975,0.98,3,1,0.333333333333,False,0.228571428571
pre_0.975_or_lead_0.980,holdout,row,183,0.681818181818,0.38961038961,0.132075471698,30,14,47,92,85.42290657,0.975,0.98,8,4,0.5,False,0.495867768595
pre_0.975_or_lead_0.985,train,row,900,0.210526315789,0.0733944954128,0.0879765395894,16,60,202,622,82.669355593,0.975,0.985,21,8,0.380952380952,False,0.108843537415
pre_0.975_or_lead_0.985,validation,row,169,0.444444444444,0.153846153846,0.034965034965,4,5,22,138,82.6377933723,0.975,0.985,3,1,0.333333333333,False,0.228571428571
pre_0.975_or_lead_0.985,holdout,row,183,0.681818181818,0.38961038961,0.132075471698,30,14,47,92,85.1150945971,0.975,0.985,8,4,0.5,False,0.495867768595
pre_0.975_or_lead_0.990,train,row,900,0.210526315789,0.0733944954128,0.0879765395894,16,60,202,622,82.3100980144,0.975,0.99,21,8,0.380952380952,False,0.108843537415
pre_0.975_or_lead_0.990,validation,row,169,0.444444444444,0.153846153846,0.034965034965,4,5,22,138,82.2650123072,0.975,0.99,3,1,0.333333333333,False,0.228571428571
pre_0.975_or_lead_0.990,holdout,row,183,0.674418604651,0.376623376623,0.132075471698,29,14,48,92,84.8096896862,0.975,0.99,8,4,0.5,False,0.483333333333
pre_0.980_or_lead_0.940,train,row,900,0.287037037037,0.142201834862,0.112903225806,31,77,187,605,86.3548617611,0.98,0.94,21,12,0.571428571429,False,0.19018404908
pre_0.980_or_lead_0.940,validation,row,169,0.214285714286,0.115384615385,0.0769230769231,3,11,23,132,86.5012352962,0.98,0.94,3,1,0.333333333333,False,0.15
pre_0.980_or_lead_0.940,holdout,row,183,0.730769230769,0.493506493506,0.132075471698,38,14,39,92,88.2496227075,0.98,0.94,8,6,0.75,False,0.589147286822
pre_0.980_or_lead_0.945,train,row,900,0.288461538462,0.137614678899,0.108504398827,30,74,188,608,85.9849075525,0.98,0.945,21,12,0.571428571429,False,0.186335403727
pre_0.980_or_lead_0.945,validation,row,169,0.25,0.115384615385,0.0629370629371,3,9,23,134,86.0998372057,0.98,0.945,3,1,0.333333333333,False,0.157894736842
pre_0.980_or_lead_0.945,holdout,row,183,0.730769230769,0.493506493506,0.132075471698,38,14,39,92,87.9380081859,0.98,0.945,8,6,0.75,False,0.589147286822
pre_0.980_or_lead_0.950,train,row,900,0.282828282828,0.128440366972,0.104105571848,28,71,190,611,85.6143557464,0.98,0.95,21,11,0.52380952381,False,0.17665615142
pre_0.980_or_lead_0.950,validation,row,169,0.3,0.115384615385,0.048951048951,3,7,23,136,85.7006700218,0.98,0.95,3,1,0.333333333333,False,0.166666666667
pre_0.980_or_lead_0.950,holdout,row,183,0.745098039216,0.493506493506,0.122641509434,38,13,39,93,87.6210682952,0.98,0.95,8,6,0.75,False,0.59375
pre_0.980_or_lead_0.955,train,row,900,0.271739130435,0.114678899083,0.0982404692082,25,67,193,615,85.2411643093,0.98,0.955,21,10,0.47619047619,False,0.161290322581
pre_0.980_or_lead_0.955,validation,row,169,0.333333333333,0.115384615385,0.041958041958,3,6,23,137,85.3093238134,0.98,0.955,3,1,0.333333333333,False,0.171428571429
pre_0.980_or_lead_0.955,holdout,row,183,0.74,0.480519480519,0.122641509434,37,13,40,93,87.3022781391,0.98,0.955,8,6,0.75,False,0.582677165354
pre_0.980_or_lead_0.960,train,row,900,0.269662921348,0.110091743119,0.0953079178886,24,65,194,617,84.8700005117,0.98,0.96,21,10,0.47619047619,False,0.156351791531
pre_0.980_or_lead_0.960,validation,row,169,0.375,0.115384615385,0.034965034965,3,5,23,138,84.9217498489,0.98,0.96,3,1,0.333333333333,False,0.176470588235
pre_0.980_or_lead_0.960,holdout,row,183,0.74,0.480519480519,0.122641509434,37,13,40,93,86.9852812509,0.98,0.96,8,6,0.75,False,0.582677165354
pre_0.980_or_lead_0.965,train,row,900,0.259259259259,0.0963302752294,0.0879765395894,21,60,197,622,84.4993126771,0.98,0.965,21,10,0.47619047619,False,0.140468227425
pre_0.980_or_lead_0.965,validation,row,169,0.428571428571,0.115384615385,0.027972027972,3,4,23,139,84.5364965153,0.98,0.965,3,1,0.333333333333,False,0.181818181818
pre_0.980_or_lead_0.965,holdout,row,183,0.717391304348,0.428571428571,0.122641509434,33,13,44,93,86.6738058411,0.98,0.965,8,6,0.75,False,0.536585365854
pre_0.980_or_lead_0.970,train,row,900,0.25974025974,0.0917431192661,0.08357771261,20,57,198,625,84.1300552679,0.98,0.97,21,10,0.47619047619,False,0.135593220339
pre_0.980_or_lead_0.970,validation,row,169,0.428571428571,0.115384615385,0.027972027972,3,4,23,139,84.1519516604,0.98,0.97,3,1,0.333333333333,False,0.181818181818
pre_0.980_or_lead_0.970,holdout,row,183,0.717391304348,0.428571428571,0.122641509434,33,13,44,93,86.3620299107,0.98,0.97,8,6,0.75,False,0.536585365854
pre_0.980_or_lead_0.975,train,row,900,0.242857142857,0.0779816513761,0.0777126099707,17,53,201,629,83.7615321674,0.98,0.975,21,10,0.47619047619,False,0.118055555556
pre_0.980_or_lead_0.975,validation,row,169,0.428571428571,0.115384615385,0.027972027972,3,4,23,139,83.7702948557,0.98,0.975,3,1,0.333333333333,False,0.181818181818
pre_0.980_or_lead_0.975,holdout,row,183,0.697674418605,0.38961038961,0.122641509434,30,13,47,93,86.0478222604,0.98,0.975,8,4,0.5,False,0.5
pre_0.980_or_lead_0.980,train,row,900,0.235294117647,0.0733944954128,0.0762463343109,16,52,202,630,83.3945607533,0.98,0.98,21,9,0.428571428571,False,0.111888111888
pre_0.980_or_lead_0.980,validation,row,169,0.428571428571,0.115384615385,0.027972027972,3,4,23,139,83.3886380509,0.98,0.98,3,1,0.333333333333,False,0.181818181818
pre_0.980_or_lead_0.980,holdout,row,183,0.697674418605,0.38961038961,0.122641509434,30,13,47,93,85.7343819798,0.98,0.98,8,4,0.5,False,0.5
pre_0.980_or_lead_0.985,train,row,900,0.203125,0.0596330275229,0.074780058651,13,51,205,631,83.0304080383,0.98,0.985,21,7,0.333333333333,False,0.0921985815603
pre_0.980_or_lead_0.985,validation,row,169,0.428571428571,0.115384615385,0.027972027972,3,4,23,139,83.0105744374,0.98,0.985,3,1,0.333333333333,False,0.181818181818
pre_0.980_or_lead_0.985,holdout,row,183,0.697674418605,0.38961038961,0.122641509434,30,13,47,93,85.42290657,0.98,0.985,8,4,0.5,False,0.5
pre_0.980_or_lead_0.990,train,row,900,0.203125,0.0596330275229,0.074780058651,13,51,205,631,82.669355593,0.98,0.99,21,7,0.333333333333,False,0.0921985815603
pre_0.980_or_lead_0.990,validation,row,169,0.428571428571,0.115384615385,0.027972027972,3,4,23,139,82.6377933723,0.98,0.99,3,1,0.333333333333,False,0.181818181818
pre_0.980_or_lead_0.990,holdout,row,183,0.690476190476,0.376623376623,0.122641509434,29,13,48,93,85.1150945971,0.98,0.99,8,4,0.5,False,0.487394957983
pre_0.985_or_lead_0.940,train,row,900,0.295918367347,0.133027522936,0.101173020528,29,69,189,613,86.7257173446,0.985,0.94,21,12,0.571428571429,False,0.183544303797
pre_0.985_or_lead_0.940,validation,row,169,0.230769230769,0.115384615385,0.0699300699301,3,10,23,133,86.9039134441,0.985,0.94,3,1,0.333333333333,False,0.153846153846
pre_0.985_or_lead_0.940,holdout,row,183,0.745098039216,0.493506493506,0.122641509434,38,13,39,93,88.5605077227,0.985,0.94,8,6,0.75,False,0.59375
pre_0.985_or_lead_0.945,train,row,900,0.297872340426,0.128440366972,0.0967741935484,28,66,190,616,86.3548617611,0.985,0.945,21,12,0.571428571429,False,0.179487179487
pre_0.985_or_lead_0.945,validation,row,169,0.272727272727,0.115384615385,0.0559440559441,3,8,23,135,86.5012352962,0.985,0.945,3,1,0.333333333333,False,0.162162162162
pre_0.985_or_lead_0.945,holdout,row,183,0.745098039216,0.493506493506,0.122641509434,38,13,39,93,88.2496227075,0.985,0.945,8,6,0.75,False,0.59375
pre_0.985_or_lead_0.950,train,row,900,0.292134831461,0.119266055046,0.0923753665689,26,63,192,619,85.9849075525,0.985,0.95,21,11,0.52380952381,False,0.169381107492
pre_0.985_or_lead_0.950,validation,row,169,0.333333333333,0.115384615385,0.041958041958,3,6,23,137,86.0998372057,0.985,0.95,3,1,0.333333333333,False,0.171428571429
pre_0.985_or_lead_0.950,holdout,row,183,0.76,0.493506493506,0.11320754717,38,12,39,94,87.9380081859,0.985,0.95,8,6,0.75,False,0.59842519685
pre_0.985_or_lead_0.955,train,row,900,0.280487804878,0.105504587156,0.0865102639296,23,59,195,623,85.6143557464,0.985,0.955,21,10,0.47619047619,False,0.153333333333
pre_0.985_or_lead_0.955,validation,row,169,0.375,0.115384615385,0.034965034965,3,5,23,138,85.7006700218,0.985,0.955,3,1,0.333333333333,False,0.176470588235
pre_0.985_or_lead_0.955,holdout,row,183,0.755102040816,0.480519480519,0.11320754717,37,12,40,94,87.6210682952,0.985,0.955,8,6,0.75,False,0.587301587302
pre_0.985_or_lead_0.960,train,row,900,0.278481012658,0.100917431193,0.08357771261,22,57,196,625,85.2411643093,0.985,0.96,21,10,0.47619047619,False,0.148148148148
pre_0.985_or_lead_0.960,validation,row,169,0.428571428571,0.115384615385,0.027972027972,3,4,23,139,85.3093238134,0.985,0.96,3,1,0.333333333333,False,0.181818181818
pre_0.985_or_lead_0.960,holdout,row,183,0.755102040816,0.480519480519,0.11320754717,37,12,40,94,87.3022781391,0.985,0.96,8,6,0.75,False,0.587301587302
pre_0.985_or_lead_0.965,train,row,900,0.267605633803,0.0871559633028,0.0762463343109,19,52,199,630,84.8700005117,0.985,0.965,21,10,0.47619047619,False,0.131487889273
pre_0.985_or_lead_0.965,validation,row,169,0.5,0.115384615385,0.020979020979,3,3,23,140,84.9217498489,0.985,0.965,3,1,0.333333333333,False,0.1875
pre_0.985_or_lead_0.965,holdout,row,183,0.733333333333,0.428571428571,0.11320754717,33,12,44,94,86.9852812509,0.985,0.965,8,6,0.75,False,0.540983606557
pre_0.985_or_lead_0.970,train,row,900,0.272727272727,0.0825688073394,0.0703812316716,18,48,200,634,84.4993126771,0.985,0.97,21,10,0.47619047619,False,0.12676056338
pre_0.985_or_lead_0.970,validation,row,169,0.5,0.115384615385,0.020979020979,3,3,23,140,84.5364965153,0.985,0.97,3,1,0.333333333333,False,0.1875
pre_0.985_or_lead_0.970,holdout,row,183,0.733333333333,0.428571428571,0.11320754717,33,12,44,94,86.6738058411,0.985,0.97,8,6,0.75,False,0.540983606557
pre_0.985_or_lead_0.975,train,row,900,0.254237288136,0.0688073394495,0.0645161290323,15,44,203,638,84.1300552679,0.985,0.975,21,10,0.47619047619,False,0.108303249097
pre_0.985_or_lead_0.975,validation,row,169,0.5,0.115384615385,0.020979020979,3,3,23,140,84.1519516604,0.985,0.975,3,1,0.333333333333,False,0.1875
pre_0.985_or_lead_0.975,holdout,row,183,0.714285714286,0.38961038961,0.11320754717,30,12,47,94,86.3620299107,0.985,0.975,8,4,0.5,False,0.504201680672
pre_0.985_or_lead_0.980,train,row,900,0.245614035088,0.0642201834862,0.0630498533724,14,43,204,639,83.7615321674,0.985,0.98,21,9,0.428571428571,False,0.101818181818
pre_0.985_or_lead_0.980,validation,row,169,0.5,0.115384615385,0.020979020979,3,3,23,140,83.7702948557,0.985,0.98,3,1,0.333333333333,False,0.1875
pre_0.985_or_lead_0.980,holdout,row,183,0.714285714286,0.38961038961,0.11320754717,30,12,47,94,86.0478222604,0.985,0.98,8,4,0.5,False,0.504201680672
pre_0.985_or_lead_0.985,train,row,900,0.207547169811,0.0504587155963,0.0615835777126,11,42,207,640,83.3945607533,0.985,0.985,21,6,0.285714285714,False,0.0811808118081
pre_0.985_or_lead_0.985,validation,row,169,0.5,0.115384615385,0.020979020979,3,3,23,140,83.3886380509,0.985,0.985,3,1,0.333333333333,False,0.1875
pre_0.985_or_lead_0.985,holdout,row,183,0.714285714286,0.38961038961,0.11320754717,30,12,47,94,85.7343819798,0.985,0.985,8,4,0.5,False,0.504201680672
pre_0.985_or_lead_0.990,train,row,900,0.207547169811,0.0504587155963,0.0615835777126,11,42,207,640,83.0304080383,0.985,0.99,21,6,0.285714285714,False,0.0811808118081
pre_0.985_or_lead_0.990,validation,row,169,0.5,0.115384615385,0.020979020979,3,3,23,140,83.0105744374,0.985,0.99,3,1,0.333333333333,False,0.1875
pre_0.985_or_lead_0.990,holdout,row,183,0.707317073171,0.376623376623,0.11320754717,29,12,48,94,85.42290657,0.985,0.99,8,4,0.5,False,0.491525423729
pre_0.990_or_lead_0.940,train,row,900,0.296703296703,0.123853211009,0.0938416422287,27,64,191,618,87.0948571848,0.99,0.94,21,12,0.571428571429,False,0.174757281553
pre_0.990_or_lead_0.940,validation,row,169,0.272727272727,0.115384615385,0.0559440559441,3,8,23,135,87.307327869,0.99,0.94,3,1,0.333333333333,False,0.162162162162
pre_0.990_or_lead_0.940,holdout,row,183,0.791666666667,0.493506493506,0.0943396226415,38,10,39,96,88.8751463237,0.99,0.94,8,6,0.75,False,0.608
pre_0.990_or_lead_0.945,train,row,900,0.298850574713,0.119266055046,0.0894428152493,26,61,192,621,86.7257173446,0.99,0.945,21,12,0.571428571429,False,0.170491803279
pre_0.990_or_lead_0.945,validation,row,169,0.333333333333,0.115384615385,0.041958041958,3,6,23,137,86.9039134441,0.99,0.945,3,1,0.333333333333,False,0.171428571429
pre_0.990_or_lead_0.945,holdout,row,183,0.791666666667,0.493506493506,0.0943396226415,38,10,39,96,88.5605077227,0.99,0.945,8,6,0.75,False,0.608
pre_0.990_or_lead_0.950,train,row,900,0.292682926829,0.110091743119,0.0850439882698,24,58,194,624,86.3548617611,0.99,0.95,21,11,0.52380952381,False,0.16
pre_0.990_or_lead_0.950,validation,row,169,0.428571428571,0.115384615385,0.027972027972,3,4,23,139,86.5012352962,0.99,0.95,3,1,0.333333333333,False,0.181818181818
pre_0.990_or_lead_0.950,holdout,row,183,0.808510638298,0.493506493506,0.0849056603774,38,9,39,97,88.2496227075,0.99,0.95,8,6,0.75,False,0.612903225806
pre_0.990_or_lead_0.955,train,row,900,0.28,0.0963302752294,0.0791788856305,21,54,197,628,85.9849075525,0.99,0.955,21,10,0.47619047619,False,0.143344709898
pre_0.990_or_lead_0.955,validation,row,169,0.5,0.115384615385,0.020979020979,3,3,23,140,86.0998372057,0.99,0.955,3,1,0.333333333333,False,0.1875
pre_0.990_or_lead_0.955,holdout,row,183,0.804347826087,0.480519480519,0.0849056603774,37,9,40,97,87.9380081859,0.99,0.955,8,6,0.75,False,0.60162601626
pre_0.990_or_lead_0.960,train,row,900,0.277777777778,0.0917431192661,0.0762463343109,20,52,198,630,85.6143557464,0.99,0.96,21,10,0.47619047619,False,0.137931034483
pre_0.990_or_lead_0.960,validation,row,169,0.6,0.115384615385,0.013986013986,3,2,23,141,85.7006700218,0.99,0.96,3,1,0.333333333333,False,0.193548387097
pre_0.990_or_lead_0.960,holdout,row,183,0.804347826087,0.480519480519,0.0849056603774,37,9,40,97,87.6210682952,0.99,0.96,8,6,0.75,False,0.60162601626
pre_0.990_or_lead_0.965,train,row,900,0.265625,0.0779816513761,0.0689149560117,17,47,201,635,85.2411643093,0.99,0.965,21,10,0.47619047619,False,0.120567375887
pre_0.990_or_lead_0.965,validation,row,169,0.75,0.115384615385,0.00699300699301,3,1,23,142,85.3093238134,0.99,0.965,3,1,0.333333333333,False,0.2
pre_0.990_or_lead_0.965,holdout,row,183,0.785714285714,0.428571428571,0.0849056603774,33,9,44,97,87.3022781391,0.99,0.965,8,6,0.75,False,0.554621848739
pre_0.990_or_lead_0.970,train,row,900,0.271186440678,0.0733944954128,0.0630498533724,16,43,202,639,84.8700005117,0.99,0.97,21,10,0.47619047619,True,0.115523465704
pre_0.990_or_lead_0.970,validation,row,169,0.75,0.115384615385,0.00699300699301,3,1,23,142,84.9217498489,0.99,0.97,3,1,0.333333333333,True,0.2
pre_0.990_or_lead_0.970,holdout,row,183,0.785714285714,0.428571428571,0.0849056603774,33,9,44,97,86.9852812509,0.99,0.97,8,6,0.75,True,0.554621848739
pre_0.990_or_lead_0.975,train,row,900,0.25,0.0596330275229,0.0571847507331,13,39,205,643,84.4993126771,0.99,0.975,21,10,0.47619047619,False,0.0962962962963
pre_0.990_or_lead_0.975,validation,row,169,0.75,0.115384615385,0.00699300699301,3,1,23,142,84.5364965153,0.99,0.975,3,1,0.333333333333,False,0.2
pre_0.990_or_lead_0.975,holdout,row,183,0.769230769231,0.38961038961,0.0849056603774,30,9,47,97,86.6738058411,0.99,0.975,8,4,0.5,False,0.51724137931
pre_0.990_or_lead_0.980,train,row,900,0.24,0.0550458715596,0.0557184750733,12,38,206,644,84.1300552679,0.99,0.98,21,9,0.428571428571,False,0.089552238806
pre_0.990_or_lead_0.980,validation,row,169,0.75,0.115384615385,0.00699300699301,3,1,23,142,84.1519516604,0.99,0.98,3,1,0.333333333333,False,0.2
pre_0.990_or_lead_0.980,holdout,row,183,0.769230769231,0.38961038961,0.0849056603774,30,9,47,97,86.3620299107,0.99,0.98,8,4,0.5,False,0.51724137931
pre_0.990_or_lead_0.985,train,row,900,0.195652173913,0.0412844036697,0.0542521994135,9,37,209,645,83.7615321674,0.99,0.985,21,6,0.285714285714,False,0.0681818181818
pre_0.990_or_lead_0.985,validation,row,169,0.75,0.115384615385,0.00699300699301,3,1,23,142,83.7702948557,0.99,0.985,3,1,0.333333333333,False,0.2
pre_0.990_or_lead_0.985,holdout,row,183,0.769230769231,0.38961038961,0.0849056603774,30,9,47,97,86.0478222604,0.99,0.985,8,4,0.5,False,0.51724137931
pre_0.990_or_lead_0.990,train,row,900,0.195652173913,0.0412844036697,0.0542521994135,9,37,209,645,83.3945607533,0.99,0.99,21,6,0.285714285714,False,0.0681818181818
pre_0.990_or_lead_0.990,validation,row,169,0.75,0.115384615385,0.00699300699301,3,1,23,142,83.3886380509,0.99,0.99,3,1,0.333333333333,False,0.2
pre_0.990_or_lead_0.990,holdout,row,183,0.763157894737,0.376623376623,0.0849056603774,29,9,48,97,85.7343819798,0.99,0.99,8,4,0.5,False,0.504347826087
pre_0.995_or_lead_0.940,train,row,900,0.333333333333,0.114678899083,0.0733137829912,25,50,193,632,87.4631408881,0.995,0.94,21,10,0.47619047619,False,0.170648464164
pre_0.995_or_lead_0.940,validation,row,169,0,0,0.048951048951,0,7,26,136,87.7097177892,0.995,0.94,3,0,0,False,0
pre_0.995_or_lead_0.940,holdout,row,183,0.8,0.467532467532,0.0849056603774,36,9,41,97,89.1909812219,0.995,0.94,8,6,0.75,False,0.590163934426
pre_0.995_or_lead_0.945,train,row,900,0.338028169014,0.110091743119,0.0689149560117,24,47,194,635,87.0948571848,0.995,0.945,21,10,0.47619047619,False,0.166089965398
pre_0.995_or_lead_0.945,validation,row,169,0,0,0.034965034965,0,5,26,138,87.307327869,0.995,0.945,3,0,0,False,0
pre_0.995_or_lead_0.945,holdout,row,183,0.8,0.467532467532,0.0849056603774,36,9,41,97,88.8751463237,0.995,0.945,8,6,0.75,False,0.590163934426
pre_0.995_or_lead_0.950,train,row,900,0.333333333333,0.100917431193,0.0645161290323,22,44,196,638,86.7257173446,0.995,0.95,21,9,0.428571428571,False,0.154929577465
pre_0.995_or_lead_0.950,validation,row,169,0,0,0.020979020979,0,3,26,140,86.9039134441,0.995,0.95,3,0,0,False,0
pre_0.995_or_lead_0.950,holdout,row,183,0.818181818182,0.467532467532,0.0754716981132,36,8,41,98,88.5605077227,0.995,0.95,8,6,0.75,False,0.595041322314
pre_0.995_or_lead_0.955,train,row,900,0.322033898305,0.0871559633028,0.058651026393,19,40,199,642,86.3548617611,0.995,0.955,21,8,0.380952380952,False,0.137184115523
pre_0.995_or_lead_0.955,validation,row,169,0,0,0.013986013986,0,2,26,141,86.5012352962,0.995,0.955,3,0,0,False,0
pre_0.995_or_lead_0.955,holdout,row,183,0.813953488372,0.454545454545,0.0754716981132,35,8,42,98,88.2496227075,0.995,0.955,8,6,0.75,False,0.583333333333
pre_0.995_or_lead_0.960,train,row,900,0.321428571429,0.0825688073394,0.0557184750733,18,38,200,644,85.9849075525,0.995,0.96,21,8,0.380952380952,False,0.131386861314
pre_0.995_or_lead_0.960,validation,row,169,0,0,0.00699300699301,0,1,26,142,86.0998372057,0.995,0.96,3,0,0,False,0
pre_0.995_or_lead_0.960,holdout,row,183,0.813953488372,0.454545454545,0.0754716981132,35,8,42,98,87.9380081859,0.995,0.96,8,6,0.75,False,0.583333333333
pre_0.995_or_lead_0.965,train,row,900,0.3125,0.0688073394495,0.0483870967742,15,33,203,649,85.6143557464,0.995,0.965,21,8,0.380952380952,False,0.112781954887
pre_0.995_or_lead_0.965,validation,row,169,0,0,0,0,0,26,143,85.7006700218,0.995,0.965,3,0,0,False,0
pre_0.995_or_lead_0.965,holdout,row,183,0.794871794872,0.402597402597,0.0754716981132,31,8,46,98,87.6210682952,0.995,0.965,8,6,0.75,False,0.534482758621
pre_0.995_or_lead_0.970,train,row,900,0.333333333333,0.0642201834862,0.0410557184751,14,28,204,654,85.2411643093,0.995,0.97,21,8,0.380952380952,False,0.107692307692
pre_0.995_or_lead_0.970,validation,row,169,0,0,0,0,0,26,143,85.3093238134,0.995,0.97,3,0,0,False,0
pre_0.995_or_lead_0.970,holdout,row,183,0.794871794872,0.402597402597,0.0754716981132,31,8,46,98,87.3022781391,0.995,0.97,8,6,0.75,False,0.534482758621
pre_0.995_or_lead_0.975,train,row,900,0.314285714286,0.0504587155963,0.0351906158358,11,24,207,658,84.8700005117,0.995,0.975,21,8,0.380952380952,False,0.0869565217391
pre_0.995_or_lead_0.975,validation,row,169,0,0,0,0,0,26,143,84.9217498489,0.995,0.975,3,0,0,False,0
pre_0.995_or_lead_0.975,holdout,row,183,0.777777777778,0.363636363636,0.0754716981132,28,8,49,98,86.9852812509,0.995,0.975,8,4,0.5,False,0.495575221239
pre_0.995_or_lead_0.980,train,row,900,0.30303030303,0.045871559633,0.033724340176,10,23,208,659,84.4993126771,0.995,0.98,21,7,0.333333333333,False,0.0796812749004
pre_0.995_or_lead_0.980,validation,row,169,0,0,0,0,0,26,143,84.5364965153,0.995,0.98,3,0,0,False,0
pre_0.995_or_lead_0.980,holdout,row,183,0.777777777778,0.363636363636,0.0754716981132,28,8,49,98,86.6738058411,0.995,0.98,8,4,0.5,False,0.495575221239
pre_0.995_or_lead_0.985,train,row,900,0.241379310345,0.0321100917431,0.0322580645161,7,22,211,660,84.1300552679,0.995,0.985,21,4,0.190476190476,False,0.0566801619433
pre_0.995_or_lead_0.985,validation,row,169,0,0,0,0,0,26,143,84.1519516604,0.995,0.985,3,0,0,False,0
pre_0.995_or_lead_0.985,holdout,row,183,0.777777777778,0.363636363636,0.0754716981132,28,8,49,98,86.3620299107,0.995,0.985,8,4,0.5,False,0.495575221239
pre_0.995_or_lead_0.990,train,row,900,0.241379310345,0.0321100917431,0.0322580645161,7,22,211,660,83.7615321674,0.995,0.99,21,4,0.190476190476,False,0.0566801619433
pre_0.995_or_lead_0.990,validation,row,169,0,0,0,0,0,26,143,83.7702948557,0.995,0.99,3,0,0,False,0
pre_0.995_or_lead_0.990,holdout,row,183,0.771428571429,0.350649350649,0.0754716981132,27,8,50,98,86.0478222604,0.995,0.99,8,4,0.5,False,0.482142857143
