manufacturer,substation_id,window_start,window_end,anomaly_score,risk_score,risk_probability,risk_level_calibrated,predicted_lead_time_bucket,predicted_lead_time_confidence,leadtime_prob_0-24h,leadtime_prob_1-3d,leadtime_prob_3-7d,lead_time_bucket_distance,days_since_last_fault_event,days_since_last_task_event,days_since_last_any_event,configuration_type,has_dhw,has_buffer_tank,main_abnormal_sensors,label,fault_label,estimated_lead_time_hours,lead_time_bucket
manufacturer 1,1,2019-12-06 18:00:00+00:00,2019-12-07 00:00:00+00:00,0.129088,66.3833,0.663833,high,0-24h,0.58769,0.58769,0.393275,0.019035,0,,,,missing,,,p_net_meter_energy;p_net_meter_flow;p_net_meter_heat_power,normal,,,
manufacturer 1,2,2016-09-16 06:00:00+00:00,2016-09-16 12:00:00+00:00,0.716904,62.8658,0.628658,high,1-3d,0.731377,0.18906,0.731377,0.079563,0,,,,missing,,,p_dhw_control_valve_position;p_dhw_return_temperature;p_hc1_control_valve_position_setpoint,normal,,,
manufacturer 1,2,2016-09-21 06:00:00+00:00,2016-09-21 12:00:00+00:00,0.598403,56.8641,0.568641,high,0-24h,0.672639,0.672639,0.281959,0.045403,0,,,,missing,,,p_net_supply_temperature;p_hc1_return_temperature;p_net_return_temperature,normal,,,
manufacturer 1,2,2018-03-01 06:00:00+00:00,2018-03-01 12:00:00+00:00,0.376255,71.6,0.716,high,0-24h,0.728266,0.728266,0.221248,0.050486,0,,,,missing,,,p_net_meter_energy;p_net_meter_flow;p_hc1_return_temperature,normal,,,
manufacturer 1,2,2018-03-02 12:00:00+00:00,2018-03-02 18:00:00+00:00,0.335801,72.1542,0.721542,high,1-3d,0.748133,0.227765,0.748133,0.024102,0,,,,missing,,,p_net_meter_energy;p_net_meter_flow;p_hc1_return_temperature,normal,,,
manufacturer 1,2,2018-12-05 06:00:00+00:00,2018-12-05 12:00:00+00:00,0.406807,90.4537,0.904537,critical,0-24h,0.657242,0.657242,0.218103,0.124655,0,,,,missing,,,p_net_meter_energy;p_net_meter_flow;p_net_meter_heat_power,normal,,,
manufacturer 1,2,2018-12-05 18:00:00+00:00,2018-12-06 00:00:00+00:00,0.439963,84.0831,0.840831,high,0-24h,0.822403,0.822403,0.054141,0.123456,0,,,,missing,,,p_net_meter_energy;p_net_meter_flow;s_hc1_supply_temperature_setpoint,normal,,,
manufacturer 1,3,2019-01-11 18:00:00+00:00,2019-01-12 00:00:00+00:00,0.34877,71.1735,0.711735,high,1-3d,0.805734,0.18021,0.805734,0.014056,0,,786.7986111111111,786.7986111111111,missing,,,p_net_meter_flow;p_net_meter_energy;p_net_meter_heat_power,normal,,,
manufacturer 1,3,2019-01-14 00:00:00+00:00,2019-01-14 06:00:00+00:00,0.473721,80.6683,0.806683,high,0-24h,0.593104,0.593104,0.388739,0.018158,0,,789.0486111111111,789.0486111111111,missing,,,p_net_meter_energy;p_net_meter_flow;p_net_meter_heat_power,normal,,,
manufacturer 1,3,2019-01-16 18:00:00+00:00,2019-01-17 00:00:00+00:00,0.456891,77.6988,0.776988,high,0-24h,0.622119,0.622119,0.364395,0.013486,0,,791.7986111111111,791.7986111111111,missing,,,p_net_meter_flow;p_net_meter_energy;p_net_meter_heat_power,normal,,,
manufacturer 2,4,2016-07-27 12:00:00+00:00,2016-07-27 18:00:00+00:00,0.084948,2.351,0.02351,low,0-24h,0.61699,0.61699,0.36384,0.01917,2,496.7125,496.7125,496.7125,missing,,,p_net_meter_volume;p_net_meter_energy;p_net_meter_flow,pre_fault,,118.56666666666666,3-7d
manufacturer 2,4,2016-07-31 06:00:00+00:00,2016-07-31 12:00:00+00:00,0.268544,7.7699,0.077699,low,1-3d,0.889119,0.107345,0.889119,0.003535,0,500.4625,500.4625,500.4625,missing,,,p_net_meter_volume;p_net_meter_energy;p_net_meter_flow,pre_fault,,28.566666666666663,1-3d
manufacturer 2,4,2016-12-11 06:00:00+00:00,2016-12-11 12:00:00+00:00,0.109922,1.0221,0.010221,low,0-24h,0.874252,0.874252,0.121846,0.003902,2,22.615972222222226,22.615972222222226,22.615972222222226,missing,,,p_net_meter_volume;p_net_meter_energy;p_net_meter_flow,pre_fault,,122.65,3-7d
manufacturer 2,4,2016-12-15 06:00:00+00:00,2016-12-15 12:00:00+00:00,0.117398,1.5633,0.015633,low,1-3d,0.843518,0.151177,0.843518,0.005304,0,26.615972222222226,26.615972222222226,26.615972222222226,missing,,,p_net_meter_volume;p_net_meter_energy;p_net_meter_flow,pre_fault,,26.65,1-3d
manufacturer 2,4,2017-03-07 12:00:00+00:00,2017-03-07 18:00:00+00:00,0.153548,3.1153,0.031153,low,1-3d,0.910413,0.083277,0.910413,0.006311,1,81.13958333333333,25.5,25.5,missing,,,p_net_meter_volume;p_net_meter_flow;p_net_meter_energy,pre_fault,,117.18333333333334,3-7d
manufacturer 2,4,2017-03-09 06:00:00+00:00,2017-03-09 12:00:00+00:00,0.009148,7.596,0.07596,low,1-3d,0.949824,0.047139,0.949824,0.003038,1,82.88958333333333,27.25,27.25,missing,,,p_net_meter_volume;p_net_meter_flow;p_net_meter_energy,pre_fault,,75.18333333333334,3-7d
manufacturer 2,4,2017-03-09 18:00:00+00:00,2017-03-10 00:00:00+00:00,0.033685,3.9928,0.039928,low,1-3d,0.937388,0.06094,0.937388,0.001672,0,83.38958333333333,27.75,27.75,missing,,,p_net_meter_volume;p_net_meter_flow;p_net_meter_energy,pre_fault,,63.18333333333333,1-3d
manufacturer 2,4,2017-03-12 06:00:00+00:00,2017-03-12 12:00:00+00:00,0.040687,5.4315,0.054315,low,1-3d,0.963202,0.032242,0.963202,0.004556,1,85.88958333333333,0.25,0.25,missing,,,p_net_meter_volume;p_net_meter_flow;p_net_meter_energy,pre_fault,,3.183333333333333,0-24h
manufacturer 2,4,2017-04-13 00:00:00+00:00,2017-04-13 06:00:00+00:00,0.001578,2.7423,0.027423,low,1-3d,0.661131,0.32977,0.661131,0.009099,0,4.5881944444444445,4.5881944444444445,4.5881944444444445,missing,,,p_net_meter_volume;p_net_meter_energy;p_net_meter_flow,normal,,,
manufacturer 1,4,2018-02-20 06:00:00+00:00,2018-02-20 12:00:00+00:00,0.041208,6.107,0.06107,low,1-3d,0.829308,0.162224,0.829308,0.008467,0,317.83819444444447,317.83819444444447,317.83819444444447,missing,,,p_net_meter_energy;p_net_meter_flow;s_dhw_lower_storage_temperature,normal,,,
manufacturer 1,4,2018-02-24 00:00:00+00:00,2018-02-24 06:00:00+00:00,0.024102,3.1421,0.031421,low,1-3d,0.621678,0.366272,0.621678,0.01205,0,321.58819444444447,321.58819444444447,321.58819444444447,missing,,,p_net_meter_energy;p_net_meter_flow;s_dhw_lower_storage_temperature,normal,,,
manufacturer 1,4,2018-06-20 18:00:00+00:00,2018-06-21 00:00:00+00:00,0.349394,89.0635,0.890635,high,1-3d,0.525337,0.424132,0.525337,0.050531,0,438.33819444444447,438.33819444444447,438.33819444444447,missing,,,p_net_meter_energy;outdoor_temperature;p_net_supply_temperature,normal,,,
manufacturer 1,4,2018-06-23 00:00:00+00:00,2018-06-23 06:00:00+00:00,0.366099,92.4211,0.924211,critical,0-24h,0.755332,0.755332,0.18806,0.056608,0,440.58819444444447,440.58819444444447,440.58819444444447,missing,,,p_net_meter_energy;s_dhw_lower_storage_temperature;p_net_meter_flow,normal,,,
manufacturer 1,4,2018-06-25 00:00:00+00:00,2018-06-25 06:00:00+00:00,0.414513,91.9585,0.919585,critical,0-24h,0.895942,0.895942,0.082788,0.021271,0,442.58819444444447,442.58819444444447,442.58819444444447,missing,,,p_net_meter_flow;p_net_meter_heat_power;p_net_meter_energy,normal,,,
manufacturer 2,4,2018-12-26 06:00:00+00:00,2018-12-26 12:00:00+00:00,0.488177,90.7007,0.907007,critical,0-24h,0.791808,0.791808,0.177338,0.030854,0,626.8381944444444,626.8381944444444,626.8381944444444,missing,,,p_net_meter_volume;p_net_meter_energy;p_net_meter_flow,normal,,,
manufacturer 2,4,2018-12-28 06:00:00+00:00,2018-12-28 12:00:00+00:00,0.451816,90.8323,0.908323,critical,0-24h,0.860025,0.860025,0.106777,0.033198,0,628.8381944444444,628.8381944444444,628.8381944444444,missing,,,p_net_meter_volume;p_net_meter_energy;p_net_meter_flow,normal,,,
manufacturer 2,4,2018-12-29 00:00:00+00:00,2018-12-29 06:00:00+00:00,0.732407,70.2273,0.702273,high,1-3d,0.784119,0.201465,0.784119,0.014416,0,629.5881944444444,629.5881944444444,629.5881944444444,missing,,,p_net_meter_volume;p_net_meter_flow;p_net_meter_energy,normal,,,
manufacturer 1,5,2017-09-15 06:00:00+00:00,2017-09-15 12:00:00+00:00,0.591319,90.6714,0.906714,critical,0-24h,0.702954,0.702954,0.255224,0.041822,0,,165.25,165.25,missing,,,p_net_meter_energy;p_net_meter_flow;outdoor_temperature,normal,,,
manufacturer 1,5,2017-09-16 06:00:00+00:00,2017-09-16 12:00:00+00:00,0.235783,94.3551,0.943551,critical,1-3d,0.729319,0.143656,0.729319,0.127025,0,,166.25,166.25,missing,,,p_net_meter_energy;p_net_meter_flow;s_hc1_supply_temperature_setpoint,normal,,,
manufacturer 1,5,2017-09-16 18:00:00+00:00,2017-09-17 00:00:00+00:00,0.206518,96.8217,0.968217,critical,1-3d,0.498211,0.414416,0.498211,0.087373,0,,166.75,166.75,missing,,,p_net_meter_flow;p_net_meter_energy;s_hc1_supply_temperature,normal,,,
manufacturer 1,5,2017-09-19 18:00:00+00:00,2017-09-20 00:00:00+00:00,0.203395,97.6069,0.976069,critical,0-24h,0.691873,0.691873,0.218832,0.089295,0,,169.75,169.75,missing,,,p_net_meter_flow;p_net_meter_energy;s_hc1_supply_temperature,normal,,,
manufacturer 1,5,2018-03-04 12:00:00+00:00,2018-03-04 18:00:00+00:00,0.498512,4.4159,0.044159,low,1-3d,0.649767,0.127025,0.649767,0.223207,0,,335.5,335.5,missing,,,p_net_meter_energy;p_net_meter_flow;s_hc1_supply_temperature_setpoint,normal,,,
manufacturer 1,5,2018-03-05 18:00:00+00:00,2018-03-06 00:00:00+00:00,0.061542,3.4458,0.034458,low,0-24h,0.745584,0.745584,0.235858,0.018558,0,,336.75,336.75,missing,,,p_net_meter_energy;p_net_meter_flow;p_net_return_temperature,normal,,,
manufacturer 1,6,2019-04-10 06:00:00+00:00,2019-04-10 12:00:00+00:00,0.211068,13.5211,0.135211,low,1-3d,0.637712,0.35805,0.637712,0.004238,1,,,,missing,,,p_net_meter_energy;p_net_meter_flow;p_net_meter_volume,pre_fault,,147.68333333333334,3-7d
manufacturer 1,6,2019-04-10 12:00:00+00:00,2019-04-10 18:00:00+00:00,0.552448,14.3183,0.143183,low,0-24h,0.760697,0.760697,0.231162,0.008141,2,,,,missing,,,p_net_meter_flow;p_net_meter_energy;p_net_meter_heat_power,pre_fault,,141.68333333333334,3-7d
manufacturer 1,6,2019-04-15 06:00:00+00:00,2019-04-15 12:00:00+00:00,0.076314,16.0657,0.160657,low,1-3d,0.763111,0.232464,0.763111,0.004425,0,,,,missing,,,p_net_meter_flow;p_net_meter_energy;p_net_meter_heat_power,pre_fault,,27.683333333333334,1-3d
manufacturer 1,6,2019-04-16 00:00:00+00:00,2019-04-16 06:00:00+00:00,0.0,38.5848,0.385848,medium,1-3d,0.703544,0.284257,0.703544,0.012199,1,,,,missing,,,p_net_meter_flow;p_net_meter_energy;s_hc1_supply_temperature,pre_fault,,9.683333333333334,0-24h
manufacturer 1,6,2020-06-04 06:00:00+00:00,2020-06-04 12:00:00+00:00,0.25243,54.9261,0.549261,high,0-24h,0.916097,0.916097,0.075673,0.00823,0,414.8465277777778,413.9654398148148,413.9654398148148,missing,,,p_net_meter_energy;s_hc1_supply_temperature;s_hc1_supply_temperature_setpoint,normal,,,
manufacturer 1,6,2020-06-06 12:00:00+00:00,2020-06-06 18:00:00+00:00,0.314888,87.5873,0.875873,high,0-24h,0.706383,0.706383,0.269166,0.02445,0,417.0965277777778,416.2154398148148,416.2154398148148,missing,,,p_net_supply_temperature;s_hc1_supply_temperature;p_hc1_return_temperature,normal,,,
manufacturer 1,6,2020-06-08 18:00:00+00:00,2020-06-09 00:00:00+00:00,0.583731,82.5005,0.825005,high,1-3d,0.494899,0.494517,0.494899,0.010584,0,419.3465277777778,418.4654398148148,418.4654398148148,missing,,,p_net_meter_energy;s_hc1_supply_temperature_setpoint;p_net_supply_temperature,normal,,,
manufacturer 1,7,2017-11-20 12:00:00+00:00,2017-11-20 18:00:00+00:00,0.032161,4.9072,0.049072,low,1-3d,0.586863,0.146852,0.586863,0.266285,1,962.6631944444443,259.5,259.5,missing,,,p_net_meter_energy;p_net_meter_flow;p_hc1_return_temperature,pre_fault,,145.25,3-7d
manufacturer 1,7,2017-11-21 00:00:00+00:00,2017-11-21 06:00:00+00:00,0.041975,4.5921,0.045921,low,3-7d,0.610368,0.064384,0.325248,0.610368,0,963.1631944444443,260.0,260.0,missing,,,p_net_meter_energy;p_net_meter_flow;s_hc1_supply_temperature_setpoint,pre_fault,,133.25,3-7d
manufacturer 1,7,2017-11-23 06:00:00+00:00,2017-11-23 12:00:00+00:00,0.028751,3.4752,0.034752,low,3-7d,0.755212,0.055309,0.189479,0.755212,0,965.4131944444443,262.25,262.25,missing,,,p_net_meter_flow;p_net_meter_energy;p_hc1_return_temperature,pre_fault,,79.25,3-7d
manufacturer 1,7,2019-01-07 00:00:00+00:00,2019-01-07 06:00:00+00:00,0.143936,45.1773,0.451773,high,0-24h,0.868828,0.868828,0.108173,0.022998,0,406.4479166666667,235.5611111111111,235.5611111111111,missing,,,p_net_meter_flow;p_net_meter_energy;s_dhw_lower_storage_temperature,normal,,,
manufacturer 2,7,2019-04-17 00:00:00+00:00,2019-04-17 06:00:00+00:00,0.24429,36.4852,0.364852,medium,0-24h,0.642349,0.642349,0.331463,0.026188,0,506.4479166666667,96.74076388888888,96.74076388888888,missing,,,p_net_meter_volume;p_net_meter_flow;p_net_meter_energy,normal,,,
manufacturer 2,7,2019-04-19 12:00:00+00:00,2019-04-19 18:00:00+00:00,0.14359,21.046,0.21046,low,1-3d,0.913269,0.07838,0.913269,0.008351,0,508.9479166666667,99.24076388888888,99.24076388888888,missing,,,p_net_meter_volume;p_net_meter_energy;p_net_meter_flow,normal,,,
manufacturer 1,8,2018-02-01 12:00:00+00:00,2018-02-01 18:00:00+00:00,0.16622,11.341,0.11341,low,1-3d,0.573318,0.416663,0.573318,0.01002,0,,239.5,239.5,missing,,,p_net_meter_flow;p_net_meter_energy;s_dhw_lower_storage_temperature,normal,,,
manufacturer 1,8,2018-02-04 06:00:00+00:00,2018-02-04 12:00:00+00:00,0.225787,9.9067,0.099067,low,0-24h,0.535739,0.535739,0.45598,0.008281,0,,242.25,242.25,missing,,,p_net_meter_flow;p_net_meter_energy;s_dhw_lower_storage_temperature,normal,,,
manufacturer 1,8,2018-02-05 06:00:00+00:00,2018-02-05 12:00:00+00:00,0.107327,7.3023,0.073023,low,1-3d,0.878984,0.117553,0.878984,0.003463,0,,243.25,243.25,missing,,,p_net_meter_flow;p_net_meter_energy;s_dhw_lower_storage_temperature,normal,,,
manufacturer 1,8,2018-04-20 18:00:00+00:00,2018-04-21 00:00:00+00:00,0.367716,88.1738,0.881738,high,0-24h,0.556168,0.556168,0.433063,0.010769,2,,317.75,317.75,missing,,,p_net_meter_flow;p_net_meter_energy;s_dhw_lower_storage_temperature,pre_fault,,158.25,3-7d
manufacturer 1,8,2018-04-22 00:00:00+00:00,2018-04-22 06:00:00+00:00,0.037352,2.6158,0.026158,low,1-3d,0.944938,0.050822,0.944938,0.00424,1,,319.0,319.0,missing,,,p_net_meter_flow;p_net_meter_energy;s_dhw_lower_storage_temperature,pre_fault,,128.25,3-7d
manufacturer 1,8,2018-04-24 12:00:00+00:00,2018-04-24 18:00:00+00:00,0.04879,2.4665,0.024665,low,1-3d,0.755372,0.238335,0.755372,0.006293,0,,321.5,321.5,missing,,,p_net_meter_flow;p_net_meter_energy;s_dhw_lower_storage_temperature,pre_fault,,68.25,1-3d
manufacturer 1,8,2018-04-27 00:00:00+00:00,2018-04-27 06:00:00+00:00,0.065688,2.0326,0.020326,low,1-3d,0.817009,0.175297,0.817009,0.007694,1,,324.0,324.0,missing,,,p_net_meter_energy;p_net_meter_flow;s_dhw_lower_storage_temperature,pre_fault,,8.25,0-24h
manufacturer 1,8,2018-04-27 06:00:00+00:00,2018-04-27 12:00:00+00:00,0.137763,3.4392,0.034392,low,1-3d,0.895234,0.093549,0.895234,0.011217,1,,324.25,324.25,missing,,,p_net_meter_energy;s_hc1_supply_temperature;s_dhw_upper_storage_temperature,pre_fault,,2.25,0-24h
manufacturer 2,8,2020-01-15 12:00:00+00:00,2020-01-15 18:00:00+00:00,0.057385,2.9929,0.029929,low,1-3d,0.822589,0.168887,0.822589,0.008524,0,628.15625,625.2603356481482,625.2603356481482,missing,,,p_net_meter_volume;p_net_meter_flow;p_net_meter_energy,normal,,,
manufacturer 2,8,2020-01-16 12:00:00+00:00,2020-01-16 18:00:00+00:00,0.197892,7.4176,0.074176,low,1-3d,0.880063,0.117977,0.880063,0.00196,0,629.15625,626.2603356481482,626.2603356481482,missing,,,p_net_meter_volume;p_net_meter_flow;p_net_meter_energy,normal,,,
manufacturer 2,8,2020-02-12 18:00:00+00:00,2020-02-13 00:00:00+00:00,0.162705,5.9268,0.059268,low,1-3d,0.751256,0.246275,0.751256,0.002468,1,656.40625,653.5103356481482,653.5103356481482,missing,,,p_net_meter_volume;p_net_meter_energy;p_net_meter_flow,pre_fault,,140.0,3-7d
manufacturer 2,8,2020-02-13 00:00:00+00:00,2020-02-13 06:00:00+00:00,0.037484,37.2047,0.372047,medium,1-3d,0.826763,0.16414,0.826763,0.009097,1,656.65625,653.7603356481482,653.7603356481482,missing,,,p_net_meter_volume;p_net_meter_energy;p_net_meter_flow,pre_fault,,134.0,3-7d
manufacturer 2,8,2020-02-14 12:00:00+00:00,2020-02-14 18:00:00+00:00,0.016434,65.3465,0.653465,high,1-3d,0.858914,0.132313,0.858914,0.008772,1,658.15625,655.2603356481482,655.2603356481482,missing,,,p_net_meter_volume;p_net_meter_flow;p_net_meter_energy,pre_fault,,98.0,3-7d
manufacturer 2,8,2020-02-16 12:00:00+00:00,2020-02-16 18:00:00+00:00,0.01473,74.4563,0.744563,high,0-24h,0.504314,0.504314,0.492439,0.003246,1,660.15625,657.2603356481482,657.2603356481482,missing,,,p_net_meter_volume;p_net_meter_flow;p_net_meter_energy,pre_fault,,50.0,1-3d
manufacturer 2,8,2020-02-17 06:00:00+00:00,2020-02-17 12:00:00+00:00,0.065369,81.0805,0.810805,high,0-24h,0.571279,0.571279,0.400416,0.028305,1,660.90625,658.0103356481482,658.0103356481482,missing,,,p_net_meter_volume;p_net_meter_flow;p_net_meter_energy,pre_fault,,32.0,1-3d
manufacturer 2,9,2018-12-16 12:00:00+00:00,2018-12-16 18:00:00+00:00,0.095436,8.3707,0.083707,low,1-3d,0.878534,0.093739,0.878534,0.027728,0,,627.5,627.5,missing,,,p_net_meter_volume;p_net_meter_energy;p_net_meter_flow,normal,,,
manufacturer 2,9,2018-12-17 00:00:00+00:00,2018-12-17 06:00:00+00:00,0.121866,4.3879,0.043879,low,1-3d,0.890187,0.098271,0.890187,0.011541,0,,628.0,628.0,missing,,,p_net_meter_volume;p_net_meter_flow;p_net_meter_energy,normal,,,
manufacturer 1,9,2019-01-02 00:00:00+00:00,2019-01-02 06:00:00+00:00,0.093476,7.9363,0.079363,low,1-3d,0.872845,0.120785,0.872845,0.006371,0,,644.0,644.0,missing,,,p_net_meter_energy;p_net_meter_flow;s_hc1_supply_temperature_setpoint,normal,,,
manufacturer 1,9,2019-01-04 06:00:00+00:00,2019-01-04 12:00:00+00:00,0.242278,39.1646,0.391646,medium,1-3d,0.509657,0.47846,0.509657,0.011883,0,,646.25,646.25,missing,,,p_net_meter_energy;p_net_meter_flow;s_hc1_supply_temperature,normal,,,
manufacturer 1,9,2019-01-06 06:00:00+00:00,2019-01-06 12:00:00+00:00,0.046009,34.8308,0.348308,medium,0-24h,0.543744,0.543744,0.44523,0.011027,0,,648.25,648.25,missing,,,p_net_meter_flow;p_net_meter_energy;p_net_meter_heat_power,normal,,,
manufacturer 1,9,2020-02-21 18:00:00+00:00,2020-02-22 00:00:00+00:00,0.021771,29.599,0.29599,medium,1-3d,0.531254,0.459585,0.531254,0.009162,1,,32.47825231481482,32.47825231481482,missing,,,p_net_meter_flow;p_net_meter_energy;s_hc1_supply_temperature_setpoint,pre_fault,,75.21666666666667,3-7d
manufacturer 1,9,2020-02-24 18:00:00+00:00,2020-02-25 00:00:00+00:00,0.62167,26.958,0.26958,medium,0-24h,0.563264,0.563264,0.423468,0.013268,0,,35.47825231481482,35.47825231481482,missing,,,p_net_meter_energy;p_net_meter_flow;p_net_supply_temperature,pre_fault,,3.216666666666667,0-24h
manufacturer 1,10,2014-04-28 00:00:00+00:00,2014-04-28 06:00:00+00:00,0.910197,88.1982,0.881982,high,1-3d,0.909556,0.08762,0.909556,0.002824,1,,269.0,269.0,missing,,,p_net_meter_flow;p_net_meter_energy;s_hc1_supply_temperature,pre_fault,,158.73333333333332,3-7d
manufacturer 1,10,2014-04-28 06:00:00+00:00,2014-04-28 12:00:00+00:00,0.471091,21.3808,0.213808,low,1-3d,0.604986,0.378368,0.604986,0.016646,1,,269.25,269.25,missing,,,p_net_meter_flow;p_net_meter_energy;s_dhw_lower_storage_temperature,pre_fault,,152.73333333333332,3-7d
manufacturer 1,10,2014-04-28 12:00:00+00:00,2014-04-28 18:00:00+00:00,0.418063,25.3902,0.253902,medium,1-3d,0.646199,0.349826,0.646199,0.003975,1,,269.5,269.5,missing,,,p_net_meter_energy;s_dhw_lower_storage_temperature;s_hc1_supply_temperature_setpoint,pre_fault,,146.73333333333332,3-7d
manufacturer 1,10,2014-05-03 06:00:00+00:00,2014-05-03 12:00:00+00:00,0.410194,18.4692,0.184692,low,1-3d,0.833308,0.162348,0.833308,0.004344,0,,274.25,274.25,missing,,,p_net_meter_flow;p_net_meter_energy;s_hc1_supply_temperature_setpoint,pre_fault,,32.733333333333334,1-3d
manufacturer 1,10,2014-05-04 00:00:00+00:00,2014-05-04 06:00:00+00:00,0.385192,23.4942,0.234942,medium,0-24h,0.636061,0.636061,0.359325,0.004614,0,,275.0,275.0,missing,,,p_net_meter_energy;p_net_meter_flow;s_dhw_lower_storage_temperature,pre_fault,,14.733333333333333,0-24h
manufacturer 2,10,2016-09-23 06:00:00+00:00,2016-09-23 12:00:00+00:00,0.43768,25.431,0.25431,medium,1-3d,0.548699,0.444628,0.548699,0.006674,1,872.6361111111111,872.25,872.25,missing,,,p_net_meter_volume;p_net_meter_energy;p_net_meter_flow,pre_fault,,150.06666666666666,3-7d
manufacturer 2,10,2016-09-27 00:00:00+00:00,2016-09-27 06:00:00+00:00,0.396464,38.7508,0.387508,medium,1-3d,0.557569,0.438448,0.557569,0.003983,0,876.3861111111111,876.0,876.0,missing,,,p_net_meter_volume;p_net_meter_flow;p_net_meter_energy,pre_fault,,60.06666666666667,1-3d
manufacturer 2,10,2016-09-27 18:00:00+00:00,2016-09-28 00:00:00+00:00,0.442196,30.1843,0.301843,medium,1-3d,0.896344,0.097461,0.896344,0.006195,0,877.1361111111111,876.75,876.75,missing,,,p_net_meter_volume;p_net_meter_flow;p_net_meter_energy,pre_fault,,42.06666666666667,1-3d
manufacturer 2,10,2016-12-01 18:00:00+00:00,2016-12-02 00:00:00+00:00,0.099318,20.4615,0.204615,low,1-3d,0.648066,0.340222,0.648066,0.011712,1,63.24722222222222,63.24722222222222,63.24722222222222,missing,,,p_net_meter_volume;p_net_meter_flow;p_net_meter_energy,pre_fault,,111.71666666666668,3-7d
manufacturer 2,10,2017-12-12 06:00:00+00:00,2017-12-12 12:00:00+00:00,0.103765,16.5965,0.165965,low,1-3d,0.868664,0.127321,0.868664,0.004015,1,370.84513888888887,370.84513888888887,370.84513888888887,missing,,,p_net_meter_volume;p_net_meter_energy;p_net_meter_flow,pre_fault,,157.66666666666666,3-7d
manufacturer 2,10,2017-12-14 12:00:00+00:00,2017-12-14 18:00:00+00:00,0.097661,9.891,0.09891,low,0-24h,0.680414,0.680414,0.314862,0.004723,2,373.09513888888887,373.09513888888887,373.09513888888887,missing,,,p_net_meter_volume;p_net_meter_flow;p_net_meter_energy,pre_fault,,103.66666666666669,3-7d
manufacturer 2,10,2017-12-17 12:00:00+00:00,2017-12-17 18:00:00+00:00,0.052895,3.2806,0.032806,low,1-3d,0.913581,0.079533,0.913581,0.006886,0,376.09513888888887,376.09513888888887,376.09513888888887,missing,,,p_net_meter_volume;p_net_meter_energy;p_net_meter_flow,pre_fault,,31.666666666666668,1-3d
manufacturer 2,10,2018-02-17 12:00:00+00:00,2018-02-17 18:00:00+00:00,0.130285,1.3032,0.013032,low,0-24h,0.598186,0.598186,0.370172,0.031642,0,60.68055555555556,60.68055555555556,60.68055555555556,missing,,,p_net_meter_volume;p_net_meter_energy;p_net_meter_flow,normal,,,
manufacturer 2,10,2018-02-18 06:00:00+00:00,2018-02-18 12:00:00+00:00,0.054267,1.8196,0.018196,low,0-24h,0.68643,0.68643,0.291317,0.022253,0,61.43055555555556,61.43055555555556,61.43055555555556,missing,,,p_net_meter_volume;p_net_meter_flow;p_net_meter_energy,normal,,,
manufacturer 2,10,2018-02-18 12:00:00+00:00,2018-02-18 18:00:00+00:00,0.120236,1.3224,0.013224,low,0-24h,0.58315,0.58315,0.364971,0.051879,0,61.68055555555556,61.68055555555556,61.68055555555556,missing,,,p_net_meter_volume;p_net_meter_energy;p_net_meter_flow,normal,,,
manufacturer 2,10,2018-02-21 18:00:00+00:00,2018-02-22 00:00:00+00:00,0.068985,2.2567,0.022567,low,1-3d,0.931336,0.053969,0.931336,0.014695,0,64.93055555555556,64.93055555555556,64.93055555555556,missing,,,p_net_meter_volume;p_net_meter_energy;p_net_meter_flow,normal,,,
manufacturer 2,10,2018-08-19 00:00:00+00:00,2018-08-19 06:00:00+00:00,0.09587,1.8424,0.018424,low,0-24h,0.620688,0.620688,0.2725,0.106813,0,243.18055555555557,243.18055555555557,243.18055555555557,missing,,,p_net_meter_volume;p_net_meter_flow;p_net_meter_energy,normal,,,
manufacturer 2,10,2018-08-19 06:00:00+00:00,2018-08-19 12:00:00+00:00,0.066146,2.032,0.02032,low,3-7d,0.883456,0.047773,0.06877,0.883456,0,243.43055555555557,243.43055555555557,243.43055555555557,missing,,,p_net_meter_volume;p_net_meter_flow;p_net_meter_energy,normal,,,
manufacturer 2,10,2018-08-22 12:00:00+00:00,2018-08-22 18:00:00+00:00,0.043674,2.7798,0.027798,low,0-24h,0.637677,0.637677,0.169092,0.193231,0,246.68055555555557,246.68055555555557,246.68055555555557,missing,,,p_net_meter_volume;p_net_meter_energy;p_net_meter_flow,normal,,,
manufacturer 2,10,2018-08-22 18:00:00+00:00,2018-08-23 00:00:00+00:00,0.364071,52.686,0.52686,high,0-24h,0.67273,0.67273,0.248158,0.079112,0,246.93055555555557,246.93055555555557,246.93055555555557,missing,,,p_net_meter_volume;p_net_meter_flow;p_net_meter_energy,normal,,,
manufacturer 2,10,2019-10-10 00:00:00+00:00,2019-10-10 06:00:00+00:00,0.366253,64.0815,0.640815,high,0-24h,0.824769,0.824769,0.135132,0.040099,2,660.1805555555555,44.44027777777778,44.44027777777778,missing,,,p_net_meter_volume;p_net_meter_energy;p_net_meter_flow,pre_fault,,107.53333333333332,3-7d
manufacturer 2,10,2019-10-10 18:00:00+00:00,2019-10-11 00:00:00+00:00,0.530362,63.7026,0.637026,high,0-24h,0.499279,0.499279,0.421798,0.078923,2,660.9305555555555,45.19027777777778,45.19027777777778,missing,,,p_net_meter_volume;p_net_meter_energy;p_net_meter_flow,pre_fault,,89.53333333333333,3-7d
manufacturer 2,10,2019-10-13 18:00:00+00:00,2019-10-14 00:00:00+00:00,0.339277,57.8529,0.578529,high,0-24h,0.665602,0.665602,0.316485,0.017913,0,663.9305555555555,48.19027777777778,48.19027777777778,missing,,,p_net_meter_volume;p_net_meter_flow;p_net_meter_energy,pre_fault,,17.533333333333335,0-24h
manufacturer 1,11,2016-09-30 06:00:00+00:00,2016-09-30 12:00:00+00:00,0.383575,58.6726,0.586726,high,0-24h,0.780381,0.780381,0.196009,0.02361,0,,298.25,298.25,missing,,,p_net_meter_flow;p_net_meter_energy;s_hc1_supply_temperature,normal,,,
manufacturer 1,11,2016-10-03 18:00:00+00:00,2016-10-04 00:00:00+00:00,0.384997,52.0431,0.520431,high,0-24h,0.692521,0.692521,0.269088,0.038391,0,,301.75,301.75,missing,,,p_net_meter_energy;outdoor_temperature;p_net_meter_flow,normal,,,
manufacturer 1,11,2017-10-31 06:00:00+00:00,2017-10-31 12:00:00+00:00,0.352999,95.9658,0.959658,critical,1-3d,0.624292,0.346642,0.624292,0.029066,0,,694.25,694.25,missing,,,p_net_meter_flow;p_net_meter_energy;s_hc1_supply_temperature,normal,,,
manufacturer 1,11,2017-11-01 12:00:00+00:00,2017-11-01 18:00:00+00:00,0.362151,95.6826,0.956826,critical,1-3d,0.553305,0.412286,0.553305,0.03441,0,,695.5,695.5,missing,,,p_net_meter_flow;p_net_meter_energy;p_net_meter_heat_power,normal,,,
manufacturer 1,11,2017-11-02 00:00:00+00:00,2017-11-02 06:00:00+00:00,0.384844,76.2577,0.762577,high,1-3d,0.913528,0.064557,0.913528,0.021914,0,,696.0,696.0,missing,,,p_net_meter_flow;p_net_meter_energy;p_hc1_return_temperature,normal,,,
manufacturer 1,11,2017-11-04 06:00:00+00:00,2017-11-04 12:00:00+00:00,0.705757,74.0192,0.740192,high,1-3d,0.905888,0.072414,0.905888,0.021699,0,,698.25,698.25,missing,,,p_net_meter_flow;p_net_meter_energy;s_hc1_supply_temperature,normal,,,
manufacturer 1,11,2017-11-04 12:00:00+00:00,2017-11-04 18:00:00+00:00,0.376842,79.6682,0.796682,high,1-3d,0.871459,0.109777,0.871459,0.018764,0,,698.5,698.5,missing,,,p_net_meter_energy;p_net_meter_flow;p_net_supply_temperature,normal,,,
manufacturer 1,11,2018-11-16 12:00:00+00:00,2018-11-16 18:00:00+00:00,0.646336,67.0763,0.670763,high,0-24h,0.657023,0.657023,0.311569,0.031408,2,137.04930555555555,136.8735648148148,136.8735648148148,missing,,,p_net_meter_flow;p_net_meter_energy;p_hc1_return_temperature,pre_fault,,164.5,3-7d
manufacturer 1,11,2018-11-17 06:00:00+00:00,2018-11-17 12:00:00+00:00,0.641282,62.5152,0.625152,high,1-3d,0.839751,0.141116,0.839751,0.019133,1,137.79930555555555,137.6235648148148,137.6235648148148,missing,,,p_net_meter_flow;p_net_meter_energy;p_net_meter_heat_power,pre_fault,,146.5,3-7d
manufacturer 1,11,2018-11-21 18:00:00+00:00,2018-11-22 00:00:00+00:00,0.99625,82.0012,0.820012,high,1-3d,0.863135,0.120746,0.863135,0.016119,0,142.29930555555555,142.1235648148148,142.1235648148148,missing,,,p_net_meter_energy;p_hc1_return_temperature;p_net_return_temperature,pre_fault,,38.5,1-3d
manufacturer 1,11,2019-01-10 12:00:00+00:00,2019-01-10 18:00:00+00:00,0.898335,75.8956,0.758956,high,1-3d,0.912526,0.078788,0.912526,0.008686,1,48.145833333333336,45.25209490740741,45.25209490740741,missing,,,p_net_meter_energy;p_net_meter_flow;p_net_return_temperature,pre_fault,,95.96666666666668,3-7d
manufacturer 2,11,2019-11-21 12:00:00+00:00,2019-11-21 18:00:00+00:00,0.989081,83.811,0.83811,high,1-3d,0.472741,0.436419,0.472741,0.09084,1,311.00138888888887,310.8127314814815,310.8127314814815,missing,,,p_net_meter_volume;p_net_meter_energy;p_net_meter_flow,pre_fault,,117.95,3-7d
manufacturer 2,11,2019-11-22 12:00:00+00:00,2019-11-22 18:00:00+00:00,0.311597,53.507,0.53507,high,1-3d,0.861902,0.133304,0.861902,0.004794,1,312.00138888888887,311.8127314814815,311.8127314814815,missing,,,p_net_meter_volume;p_net_meter_energy;p_net_meter_flow,pre_fault,,93.95,3-7d
manufacturer 2,11,2019-11-24 06:00:00+00:00,2019-11-24 12:00:00+00:00,0.283932,65.3605,0.653605,high,0-24h,0.802594,0.802594,0.189527,0.007879,1,313.75138888888887,313.5627314814815,313.5627314814815,missing,,,p_net_meter_volume;p_net_meter_energy;p_net_meter_flow,pre_fault,,51.95,1-3d
manufacturer 2,11,2019-11-24 12:00:00+00:00,2019-11-24 18:00:00+00:00,0.180481,15.6078,0.156078,low,1-3d,0.65702,0.331068,0.65702,0.011913,0,314.00138888888887,313.8127314814815,313.8127314814815,missing,,,p_net_meter_volume;p_net_meter_energy;p_net_meter_flow,pre_fault,,45.95,1-3d
manufacturer 2,11,2019-11-24 18:00:00+00:00,2019-11-25 00:00:00+00:00,0.231174,15.9557,0.159557,low,0-24h,0.636859,0.636859,0.354637,0.008504,1,314.25138888888887,314.0627314814815,314.0627314814815,missing,,,p_net_meter_volume;p_net_meter_energy;p_net_meter_flow,pre_fault,,39.95,1-3d
manufacturer 2,11,2019-11-25 00:00:00+00:00,2019-11-25 06:00:00+00:00,0.035547,8.2713,0.082713,low,1-3d,0.868294,0.128113,0.868294,0.003593,0,314.50138888888887,314.3127314814815,314.3127314814815,missing,,,p_net_meter_volume;p_net_meter_energy;p_net_meter_flow,pre_fault,,33.95,1-3d
manufacturer 2,11,2020-03-12 06:00:00+00:00,2020-03-12 12:00:00+00:00,0.045642,10.0814,0.100814,low,1-3d,0.907759,0.089857,0.907759,0.002385,0,96.70902777777778,93.47502314814815,93.47502314814815,missing,,,p_net_meter_volume;p_net_meter_flow;p_net_meter_energy,normal,,,
manufacturer 1,12,2015-06-25 12:00:00+00:00,2015-06-25 18:00:00+00:00,0.085657,5.3507,0.053507,low,1-3d,0.795253,0.201184,0.795253,0.003563,0,,247.5,247.5,missing,,,p_net_meter_energy;p_net_meter_flow;outdoor_temperature,normal,,,
manufacturer 1,12,2015-06-27 18:00:00+00:00,2015-06-28 00:00:00+00:00,0.104822,60.206,0.60206,high,1-3d,0.534929,0.454974,0.534929,0.010097,0,,249.75,249.75,missing,,,p_net_meter_energy;p_net_meter_flow;outdoor_temperature,normal,,,
manufacturer 1,12,2015-06-28 06:00:00+00:00,2015-06-28 12:00:00+00:00,0.084613,43.3133,0.433133,medium,0-24h,0.785307,0.785307,0.20498,0.009712,0,,250.25,250.25,missing,,,p_net_meter_energy;p_net_meter_flow;outdoor_temperature,normal,,,
manufacturer 1,12,2015-11-24 12:00:00+00:00,2015-11-24 18:00:00+00:00,0.146565,76.5733,0.765733,high,0-24h,0.562724,0.562724,0.430697,0.006578,2,,139.5,139.5,missing,,,p_net_meter_energy;p_net_meter_flow;s_dhw_lower_storage_temperature,pre_fault,,166.93333333333334,3-7d
manufacturer 1,12,2015-11-25 18:00:00+00:00,2015-11-26 00:00:00+00:00,0.167204,84.7361,0.847361,high,0-24h,0.776597,0.776597,0.211163,0.01224,2,,140.75,140.75,missing,,,p_net_meter_energy;p_net_meter_flow;p_net_meter_heat_power,pre_fault,,136.93333333333334,3-7d
manufacturer 1,12,2015-11-26 18:00:00+00:00,2015-11-27 00:00:00+00:00,0.049898,17.5835,0.175835,low,1-3d,0.886427,0.110101,0.886427,0.003472,1,,141.75,141.75,missing,,,p_net_meter_energy;p_net_meter_flow;p_net_meter_heat_power,pre_fault,,112.93333333333334,3-7d
manufacturer 1,12,2015-11-30 12:00:00+00:00,2015-11-30 18:00:00+00:00,0.020787,15.7071,0.157071,low,1-3d,0.809615,0.188875,0.809615,0.00151,1,,145.5,145.5,missing,,,p_net_meter_energy;p_net_meter_flow;s_hc1_supply_temperature,pre_fault,,22.933333333333334,0-24h
manufacturer 1,13,2016-07-17 18:00:00+00:00,2016-07-18 00:00:00+00:00,0.098406,20.0621,0.200621,low,1-3d,0.978399,0.020034,0.978399,0.001567,0,,487.75,487.75,missing,,,p_net_meter_flow;p_net_meter_energy;s_dhw_lower_storage_temperature,pre_fault,,69.28333333333333,1-3d
manufacturer 1,13,2019-12-20 00:00:00+00:00,2019-12-20 06:00:00+00:00,0.057154,8.2608,0.082608,low,0-24h,0.558063,0.558063,0.418684,0.023253,0,1247.3631944444444,1011.0,1011.0,missing,,,p_net_meter_flow;p_net_meter_energy;p_net_meter_heat_power,normal,,,
manufacturer 1,13,2019-12-21 00:00:00+00:00,2019-12-21 06:00:00+00:00,0.035244,16.0048,0.160048,low,1-3d,0.79654,0.201247,0.79654,0.002212,0,1248.3631944444444,1012.0,1012.0,missing,,,p_net_meter_energy;p_net_meter_flow;p_net_meter_volume,normal,,,
manufacturer 1,13,2019-12-21 18:00:00+00:00,2019-12-22 00:00:00+00:00,0.008429,13.751,0.13751,low,1-3d,0.726796,0.269242,0.726796,0.003962,0,1249.1131944444444,1012.75,1012.75,missing,,,p_net_meter_energy;p_net_meter_flow;p_net_meter_heat_power,normal,,,
manufacturer 1,13,2019-12-24 18:00:00+00:00,2019-12-25 00:00:00+00:00,0.049005,47.5645,0.475645,high,1-3d,0.804114,0.186806,0.804114,0.00908,0,1252.1131944444444,1015.75,1015.75,missing,,,p_net_meter_flow;p_net_meter_energy;p_net_meter_heat_power,normal,,,
manufacturer 1,13,2020-05-20 12:00:00+00:00,2020-05-20 18:00:00+00:00,0.041654,35.1558,0.351558,medium,1-3d,0.505935,0.488835,0.505935,0.00523,1,1399.8631944444444,1163.5,1163.5,missing,,,p_net_meter_energy;p_net_meter_flow;p_net_meter_volume,pre_fault,,142.0,3-7d
manufacturer 1,13,2020-05-22 00:00:00+00:00,2020-05-22 06:00:00+00:00,0.053373,82.3217,0.823217,high,0-24h,0.644667,0.644667,0.349712,0.005621,2,1401.3631944444444,1165.0,1165.0,missing,,,p_net_meter_flow;p_net_meter_energy;p_net_meter_heat_power,pre_fault,,106.0,3-7d
manufacturer 1,13,2020-05-23 12:00:00+00:00,2020-05-23 18:00:00+00:00,0.070726,81.2148,0.812148,high,1-3d,0.938148,0.057022,0.938148,0.00483,0,1402.8631944444444,1166.5,1166.5,missing,,,p_net_meter_energy;p_net_meter_flow;p_net_meter_volume,pre_fault,,70.0,1-3d
manufacturer 1,14,2019-12-10 00:00:00+00:00,2019-12-10 06:00:00+00:00,0.498135,97.0483,0.970483,critical,1-3d,0.668887,0.323573,0.668887,0.007539,0,,434.5844444444445,434.5844444444445,missing,,,p_net_meter_flow;p_net_meter_energy;p_net_meter_heat_power,normal,,,
manufacturer 1,14,2019-12-10 06:00:00+00:00,2019-12-10 12:00:00+00:00,0.412635,96.2635,0.962635,critical,0-24h,0.637775,0.637775,0.359386,0.002839,0,,434.8344444444445,434.8344444444445,missing,,,p_net_meter_energy;p_net_meter_flow;s_dhw_lower_storage_temperature,normal,,,
manufacturer 1,14,2019-12-11 00:00:00+00:00,2019-12-11 06:00:00+00:00,0.42786,97.0723,0.970723,critical,0-24h,0.728423,0.728423,0.258108,0.013469,0,,435.5844444444445,435.5844444444445,missing,,,p_net_meter_flow;p_net_meter_energy;p_net_meter_heat_power,normal,,,
manufacturer 1,15,2018-09-30 06:00:00+00:00,2018-09-30 12:00:00+00:00,0.467581,97.4624,0.974624,critical,0-24h,0.857274,0.857274,0.13962,0.003106,0,,488.8097222222222,488.8097222222222,missing,,,p_net_meter_energy;p_net_meter_flow;p_hc1_return_temperature,normal,,,
manufacturer 1,15,2018-10-02 12:00:00+00:00,2018-10-02 18:00:00+00:00,0.23994,35.4387,0.354387,medium,1-3d,0.806005,0.183349,0.806005,0.010646,0,,491.0597222222222,491.0597222222222,missing,,,s_hc1_supply_temperature_setpoint;p_net_meter_energy;s_hc1_supply_temperature,normal,,,
manufacturer 1,15,2018-10-04 06:00:00+00:00,2018-10-04 12:00:00+00:00,0.213545,43.5351,0.435351,medium,1-3d,0.968122,0.030709,0.968122,0.001169,0,,492.8097222222222,492.8097222222222,missing,,,p_net_meter_flow;p_net_meter_energy;p_net_meter_heat_power,normal,,,
manufacturer 1,15,2018-10-04 12:00:00+00:00,2018-10-04 18:00:00+00:00,0.24353,67.7147,0.677147,high,1-3d,0.533992,0.457611,0.533992,0.008396,0,,493.0597222222222,493.0597222222222,missing,,,s_hc1_supply_temperature_setpoint;s_dhw_lower_storage_temperature;p_net_meter_energy,normal,,,
manufacturer 1,15,2018-10-06 18:00:00+00:00,2018-10-07 00:00:00+00:00,0.288043,19.5792,0.195792,low,1-3d,0.849069,0.146754,0.849069,0.004177,0,,495.3097222222222,495.3097222222222,missing,,,p_net_meter_flow;p_net_meter_energy;s_hc1_supply_temperature,normal,,,
manufacturer 1,15,2019-03-04 06:00:00+00:00,2019-03-04 12:00:00+00:00,0.2268,3.4663,0.034663,low,1-3d,0.937066,0.061586,0.937066,0.001348,0,,643.8097222222223,643.8097222222223,missing,,,p_net_meter_energy;p_net_meter_flow;s_dhw_upper_storage_temperature,normal,,,
manufacturer 1,15,2019-03-06 00:00:00+00:00,2019-03-06 06:00:00+00:00,0.390829,94.2092,0.942092,critical,1-3d,0.925445,0.063383,0.925445,0.011171,0,,645.5597222222223,645.5597222222223,missing,,,p_net_meter_flow;p_net_meter_energy;p_net_meter_heat_power,normal,,,
manufacturer 1,15,2019-03-06 12:00:00+00:00,2019-03-06 18:00:00+00:00,0.421348,94.233,0.94233,critical,1-3d,0.654238,0.215128,0.654238,0.130634,0,,646.0597222222223,646.0597222222223,missing,,,p_net_meter_energy;p_net_meter_flow;p_net_meter_heat_power,normal,,,
manufacturer 1,16,2018-02-28 06:00:00+00:00,2018-02-28 12:00:00+00:00,0.346284,92.4702,0.924702,critical,0-24h,0.661318,0.661318,0.313377,0.025305,0,646.2079166666666,211.51715277777777,211.51715277777777,missing,,,p_net_meter_flow;p_net_meter_energy;outdoor_temperature,normal,,,
manufacturer 1,16,2018-02-28 18:00:00+00:00,2018-03-01 00:00:00+00:00,0.359704,92.6933,0.926933,critical,1-3d,0.707332,0.26938,0.707332,0.023288,0,646.7079166666666,212.01715277777777,212.01715277777777,missing,,,p_net_meter_energy;p_net_meter_flow;outdoor_temperature,normal,,,
manufacturer 1,16,2018-03-01 12:00:00+00:00,2018-03-01 18:00:00+00:00,0.382823,87.6869,0.876869,high,1-3d,0.617919,0.336241,0.617919,0.04584,0,647.4579166666666,212.76715277777777,212.76715277777777,missing,,,p_net_meter_energy;p_net_meter_flow;p_net_meter_volume,normal,,,
manufacturer 1,16,2018-03-02 06:00:00+00:00,2018-03-02 12:00:00+00:00,0.447548,93.5834,0.935834,critical,0-24h,0.749353,0.749353,0.215895,0.034752,0,648.2079166666666,213.51715277777777,213.51715277777777,missing,,,p_net_meter_energy;p_net_meter_flow;p_net_meter_volume,normal,,,
manufacturer 1,16,2018-03-04 06:00:00+00:00,2018-03-04 12:00:00+00:00,0.738455,84.964,0.84964,high,0-24h,0.816081,0.816081,0.099906,0.084013,0,650.2079166666666,215.51715277777777,215.51715277777777,missing,,,p_net_meter_energy;p_net_meter_flow;outdoor_temperature,normal,,,
manufacturer 1,16,2018-03-05 18:00:00+00:00,2018-03-06 00:00:00+00:00,0.347549,97.5549,0.975549,critical,1-3d,0.82013,0.157652,0.82013,0.022217,0,651.7079166666666,217.01715277777777,217.01715277777777,missing,,,p_net_meter_energy;p_net_meter_flow;outdoor_temperature,normal,,,
manufacturer 2,16,2018-05-16 06:00:00+00:00,2018-05-16 12:00:00+00:00,0.385103,98.2065,0.982065,critical,0-24h,0.869103,0.869103,0.102597,0.0283,2,723.2079166666666,288.51715277777777,288.51715277777777,missing,,,p_net_meter_volume;p_net_meter_flow;p_net_meter_energy,pre_fault,,76.95,3-7d
manufacturer 1,16,2018-11-30 06:00:00+00:00,2018-11-30 12:00:00+00:00,0.427231,89.2161,0.892161,high,1-3d,0.716275,0.256918,0.716275,0.026806,0,194.79375,194.79375,194.79375,missing,,,p_net_meter_energy;p_net_meter_flow;p_net_meter_volume,normal,,,
manufacturer 1,16,2018-11-30 12:00:00+00:00,2018-11-30 18:00:00+00:00,0.415539,91.4249,0.914249,critical,0-24h,0.653817,0.653817,0.321469,0.024714,0,195.04375,195.04375,195.04375,missing,,,p_net_meter_flow;p_net_meter_energy;p_net_meter_heat_power,normal,,,
manufacturer 1,17,2016-11-11 00:00:00+00:00,2016-11-11 06:00:00+00:00,0.131426,85.0641,0.850641,high,1-3d,0.65093,0.321645,0.65093,0.027424,0,,345.0,345.0,missing,,,p_net_meter_energy;p_net_meter_flow;p_net_meter_volume,normal,,,
manufacturer 1,17,2016-11-12 12:00:00+00:00,2016-11-12 18:00:00+00:00,0.005554,69.3476,0.693476,high,0-24h,0.818079,0.818079,0.164552,0.017368,0,,346.5,346.5,missing,,,p_net_meter_energy;p_net_meter_flow;p_net_meter_volume,normal,,,
manufacturer 1,17,2016-11-15 00:00:00+00:00,2016-11-15 06:00:00+00:00,0.172267,69.9827,0.699827,high,0-24h,0.786365,0.786365,0.198362,0.015273,0,,349.0,349.0,missing,,,p_net_meter_flow;p_net_meter_energy;p_net_meter_heat_power,normal,,,
manufacturer 1,17,2017-10-16 12:00:00+00:00,2017-10-16 18:00:00+00:00,0.043398,64.7236,0.647236,high,0-24h,0.641842,0.641842,0.352011,0.006147,0,,684.5,684.5,missing,,,p_net_meter_flow;p_net_meter_energy;p_net_meter_heat_power,normal,,,
manufacturer 1,17,2017-10-20 00:00:00+00:00,2017-10-20 06:00:00+00:00,0.106163,77.273,0.77273,high,0-24h,0.562986,0.562986,0.415595,0.021419,0,,688.0,688.0,missing,,,p_net_meter_flow;p_net_meter_energy;p_net_meter_volume,normal,,,
manufacturer 1,17,2017-10-21 12:00:00+00:00,2017-10-21 18:00:00+00:00,0.365241,86.0031,0.860031,high,3-7d,0.534028,0.086714,0.379258,0.534028,0,,689.5,689.5,missing,,,s_hc1_supply_temperature_setpoint;p_hc1_return_temperature;outdoor_temperature,normal,,,
manufacturer 1,17,2017-10-21 18:00:00+00:00,2017-10-22 00:00:00+00:00,0.33611,82.1472,0.821472,high,3-7d,0.676482,0.161634,0.161885,0.676482,0,,689.75,689.75,missing,,,p_net_meter_flow;p_net_meter_heat_power;p_net_meter_energy,normal,,,
manufacturer 1,17,2019-01-08 12:00:00+00:00,2019-01-08 18:00:00+00:00,0.338968,81.569,0.81569,high,3-7d,0.429578,0.218778,0.351645,0.429578,1,,1133.5,1133.5,missing,,,s_hc1_supply_temperature_setpoint;s_hc1_supply_temperature;outdoor_temperature,pre_fault,,26.3,1-3d
manufacturer 1,18,2019-04-28 18:00:00+00:00,2019-04-29 00:00:00+00:00,0.431459,88.6013,0.886013,high,1-3d,0.80454,0.181602,0.80454,0.013858,1,,4.273773148148148,4.273773148148148,missing,,,p_net_meter_flow;p_net_meter_energy;s_dhw_lower_storage_temperature,pre_fault,,133.31666666666666,3-7d
manufacturer 1,18,2019-04-30 12:00:00+00:00,2019-04-30 18:00:00+00:00,0.409844,88.1655,0.881655,high,0-24h,0.85813,0.85813,0.105101,0.03677,2,,6.023773148148148,6.023773148148148,missing,,,p_net_meter_energy;p_net_meter_flow;p_net_meter_volume,pre_fault,,91.31666666666666,3-7d
manufacturer 2,18,2020-01-14 18:00:00+00:00,2020-01-15 00:00:00+00:00,0.340504,4.8717,0.048717,low,1-3d,0.598509,0.38463,0.598509,0.016861,1,255.4451388888889,255.4451388888889,255.4451388888889,missing,,,p_net_meter_volume;p_net_meter_energy;p_net_meter_flow,pre_fault,,160.88333333333333,3-7d
manufacturer 2,18,2020-01-15 12:00:00+00:00,2020-01-15 18:00:00+00:00,0.452228,4.2022,0.042022,low,1-3d,0.510473,0.476303,0.510473,0.013224,1,256.1951388888889,256.1951388888889,256.1951388888889,missing,,,p_net_meter_volume;p_net_meter_energy;p_net_meter_flow,pre_fault,,142.88333333333333,3-7d
manufacturer 2,18,2020-01-16 12:00:00+00:00,2020-01-16 18:00:00+00:00,0.134199,47.0305,0.470305,high,0-24h,0.61798,0.61798,0.359831,0.022189,2,257.1951388888889,257.1951388888889,257.1951388888889,missing,,,p_net_meter_volume;p_net_meter_flow;p_net_meter_energy,pre_fault,,118.88333333333334,3-7d
manufacturer 2,18,2020-01-21 00:00:00+00:00,2020-01-21 06:00:00+00:00,0.436899,78.8946,0.788946,high,0-24h,0.494678,0.494678,0.349172,0.15615,0,261.6951388888889,261.6951388888889,261.6951388888889,missing,,,p_net_meter_volume;p_net_meter_energy;p_net_meter_flow,pre_fault,,10.883333333333333,0-24h
manufacturer 1,19,2017-06-15 06:00:00+00:00,2017-06-15 12:00:00+00:00,0.442411,65.0656,0.650656,high,1-3d,0.735124,0.233331,0.735124,0.031545,0,,294.4138888888889,294.4138888888889,missing,,,p_net_meter_energy;p_net_meter_flow;p_net_meter_heat_power,normal,,,
manufacturer 1,19,2017-06-18 18:00:00+00:00,2017-06-19 00:00:00+00:00,0.47265,67.2997,0.672997,high,0-24h,0.632232,0.632232,0.336958,0.03081,0,,297.9138888888889,297.9138888888889,missing,,,p_net_meter_energy;p_net_meter_flow;p_net_meter_heat_power,normal,,,
manufacturer 1,19,2017-09-30 00:00:00+00:00,2017-09-30 06:00:00+00:00,0.606902,92.3695,0.923695,critical,0-24h,0.700987,0.700987,0.270533,0.02848,0,,401.1638888888889,401.1638888888889,missing,,,p_net_meter_flow;p_net_meter_energy;p_net_meter_heat_power,normal,,,
manufacturer 1,19,2017-09-30 18:00:00+00:00,2017-10-01 00:00:00+00:00,0.577675,92.2509,0.922509,critical,0-24h,0.619746,0.619746,0.327153,0.053101,0,,401.9138888888889,401.9138888888889,missing,,,p_net_meter_energy;p_net_meter_flow;p_net_meter_volume,normal,,,
manufacturer 1,19,2017-10-06 00:00:00+00:00,2017-10-06 06:00:00+00:00,0.563347,67.7592,0.677592,high,1-3d,0.851413,0.111575,0.851413,0.037012,0,,407.1638888888889,407.1638888888889,missing,,,p_net_meter_energy;p_net_meter_flow;s_dhw_lower_storage_temperature,normal,,,
manufacturer 2,19,2018-06-05 00:00:00+00:00,2018-06-05 06:00:00+00:00,0.662628,86.4805,0.864805,high,1-3d,0.533956,0.417691,0.533956,0.048353,0,,649.1638888888889,649.1638888888889,missing,,,p_net_meter_volume;p_net_meter_flow;p_net_meter_energy,normal,,,
manufacturer 2,19,2018-06-05 06:00:00+00:00,2018-06-05 12:00:00+00:00,0.587642,92.1601,0.921601,critical,1-3d,0.766954,0.164319,0.766954,0.068727,0,,649.4138888888889,649.4138888888889,missing,,,p_net_meter_volume;p_net_meter_flow;p_net_meter_heat_power,normal,,,
manufacturer 2,19,2018-06-06 12:00:00+00:00,2018-06-06 18:00:00+00:00,0.647476,91.0617,0.910617,critical,1-3d,0.492879,0.475011,0.492879,0.03211,0,,650.6638888888889,650.6638888888889,missing,,,p_net_meter_volume;p_net_meter_flow;p_net_meter_heat_power,normal,,,
manufacturer 2,19,2018-06-10 06:00:00+00:00,2018-06-10 12:00:00+00:00,0.448672,78.9946,0.789946,high,1-3d,0.484971,0.482192,0.484971,0.032837,0,,654.4138888888889,654.4138888888889,missing,,,p_net_meter_volume;p_net_meter_flow;p_net_meter_energy,normal,,,
manufacturer 2,19,2018-06-10 12:00:00+00:00,2018-06-10 18:00:00+00:00,0.505117,66.835,0.66835,high,3-7d,0.725524,0.102665,0.171811,0.725524,0,,654.6638888888889,654.6638888888889,missing,,,p_net_meter_volume;p_net_meter_flow;p_net_meter_energy,normal,,,
manufacturer 2,19,2018-06-10 18:00:00+00:00,2018-06-11 00:00:00+00:00,0.57671,78.1578,0.781578,high,3-7d,0.838348,0.08591,0.075742,0.838348,0,,654.9138888888889,654.9138888888889,missing,,,p_net_meter_volume;p_net_meter_energy;p_net_meter_flow,normal,,,
manufacturer 2,19,2018-06-11 06:00:00+00:00,2018-06-11 12:00:00+00:00,0.56235,65.8455,0.658455,high,3-7d,0.723319,0.063546,0.213134,0.723319,0,,655.4138888888889,655.4138888888889,missing,,,p_net_meter_volume;p_net_meter_energy;p_net_meter_flow,normal,,,
manufacturer 1,19,2018-11-14 12:00:00+00:00,2018-11-14 18:00:00+00:00,0.277839,20.6229,0.206229,low,1-3d,0.510972,0.474859,0.510972,0.014169,1,,811.6638888888889,811.6638888888889,missing,,,p_net_meter_energy;p_net_meter_flow;p_net_meter_volume,pre_fault,,165.25,3-7d
manufacturer 2,19,2018-12-25 00:00:00+00:00,2018-12-25 06:00:00+00:00,0.249723,19.4064,0.194064,low,0-24h,0.509132,0.509132,0.479095,0.011773,2,33.614583333333336,32.72085648148148,32.72085648148148,missing,,,p_net_meter_volume;p_net_meter_flow;p_net_meter_energy,pre_fault,,81.01666666666667,3-7d
manufacturer 2,19,2019-02-24 06:00:00+00:00,2019-02-24 12:00:00+00:00,0.494599,59.8202,0.598202,high,3-7d,0.81363,0.012762,0.173608,0.81363,0,57.87430555555556,57.63755787037037,57.63755787037037,missing,,,p_net_meter_volume;p_net_meter_flow;p_net_meter_energy,normal,,,
manufacturer 2,19,2019-02-24 18:00:00+00:00,2019-02-25 00:00:00+00:00,0.499317,59.8682,0.598682,high,0-24h,0.630112,0.630112,0.166051,0.203837,0,58.37430555555556,58.13755787037037,58.13755787037037,missing,,,p_net_meter_volume;p_net_meter_flow;p_net_meter_energy,normal,,,
manufacturer 2,19,2019-02-26 18:00:00+00:00,2019-02-27 00:00:00+00:00,0.418878,36.9388,0.369388,medium,1-3d,0.359674,0.307742,0.359674,0.332584,0,60.37430555555556,60.13755787037037,60.13755787037037,missing,,,p_net_meter_volume;p_net_meter_flow;p_net_meter_energy,normal,,,
manufacturer 2,19,2019-02-28 18:00:00+00:00,2019-03-01 00:00:00+00:00,0.426765,32.9775,0.329775,medium,3-7d,0.843853,0.087181,0.068966,0.843853,0,62.37430555555556,62.13755787037037,62.13755787037037,missing,,,p_net_meter_volume;p_net_meter_energy;p_net_meter_flow,normal,,,
manufacturer 2,20,2017-01-05 06:00:00+00:00,2017-01-05 12:00:00+00:00,0.458188,37.9034,0.379034,medium,3-7d,0.841072,0.041426,0.117502,0.841072,0,,149.25,149.25,missing,,,p_net_meter_volume;p_net_meter_flow;p_net_meter_energy,pre_fault,,147.0,3-7d
manufacturer 2,20,2017-01-07 12:00:00+00:00,2017-01-07 18:00:00+00:00,0.435791,40.3029,0.403029,medium,3-7d,0.892152,0.021715,0.086133,0.892152,0,,151.5,151.5,missing,,,p_net_meter_volume;p_net_meter_energy;p_net_meter_flow,pre_fault,,93.0,3-7d
manufacturer 2,20,2017-01-10 00:00:00+00:00,2017-01-10 06:00:00+00:00,0.476735,43.1437,0.431437,medium,0-24h,0.584588,0.584588,0.151705,0.263708,1,,154.0,154.0,missing,,,p_net_meter_volume;p_net_meter_flow;p_net_meter_energy,pre_fault,,33.0,1-3d
manufacturer 1,20,2017-02-01 12:00:00+00:00,2017-02-01 18:00:00+00:00,0.524761,81.3073,0.813073,high,3-7d,0.739701,0.143827,0.116472,0.739701,0,21.125,8.5,8.5,missing,,,p_net_meter_flow;p_net_meter_energy;p_net_meter_heat_power,normal,,,
manufacturer 1,20,2017-05-31 18:00:00+00:00,2017-06-01 00:00:00+00:00,0.515979,65.412,0.65412,high,3-7d,0.720305,0.167848,0.111848,0.720305,0,140.375,127.75,127.75,missing,,,p_net_meter_flow;p_net_meter_energy;s_dhw_lower_storage_temperature,pre_fault,,157.56666666666666,3-7d
manufacturer 1,20,2017-06-01 06:00:00+00:00,2017-06-01 12:00:00+00:00,0.895494,97.7066,0.977066,critical,1-3d,0.894529,0.089777,0.894529,0.015695,1,140.875,128.25,128.25,missing,,,p_net_meter_flow;p_net_meter_energy;p_net_meter_heat_power,pre_fault,,145.56666666666666,3-7d
manufacturer 1,20,2020-04-01 06:00:00+00:00,2020-04-01 12:00:00+00:00,0.932752,97.3035,0.973035,critical,1-3d,0.794471,0.191915,0.794471,0.013614,0,1028.9347222222225,390.5580092592593,390.5580092592593,missing,,,p_net_meter_energy;p_net_meter_flow;s_dhw_lower_storage_temperature,normal,,,
manufacturer 1,20,2020-04-02 12:00:00+00:00,2020-04-02 18:00:00+00:00,0.961172,98.2421,0.982421,critical,1-3d,0.886861,0.099613,0.886861,0.013526,0,1030.1847222222225,391.8080092592593,391.8080092592593,missing,,,p_net_meter_energy;p_net_meter_flow;p_net_meter_heat_power,normal,,,
manufacturer 1,20,2020-04-04 06:00:00+00:00,2020-04-04 12:00:00+00:00,1.0,95.9989,0.959989,critical,0-24h,0.635067,0.635067,0.343837,0.021096,0,1031.9347222222225,393.5580092592593,393.5580092592593,missing,,,p_net_meter_energy;s_dhw_lower_storage_temperature;p_net_meter_flow,normal,,,
manufacturer 1,20,2020-04-05 00:00:00+00:00,2020-04-05 06:00:00+00:00,0.904534,95.0644,0.950644,critical,0-24h,0.620768,0.620768,0.330369,0.048863,0,1032.6847222222225,394.3080092592593,394.3080092592593,missing,,,p_net_meter_energy;p_net_meter_flow;s_hc1_supply_temperature,normal,,,
manufacturer 1,20,2020-04-06 12:00:00+00:00,2020-04-06 18:00:00+00:00,0.960179,95.0644,0.950644,critical,1-3d,0.720426,0.244069,0.720426,0.035505,0,1034.1847222222225,395.8080092592593,395.8080092592593,missing,,,p_net_meter_energy;p_net_meter_flow;s_hc1_supply_temperature,normal,,,
manufacturer 1,20,2020-04-07 18:00:00+00:00,2020-04-08 00:00:00+00:00,0.950199,94.4089,0.944089,critical,0-24h,0.5354,0.5354,0.421386,0.043214,0,1035.4347222222225,397.0580092592593,397.0580092592593,missing,,,p_net_meter_energy;p_net_meter_flow;s_dhw_lower_storage_temperature,normal,,,
manufacturer 1,21,2016-11-30 12:00:00+00:00,2016-11-30 18:00:00+00:00,0.932871,62.6981,0.626981,high,1-3d,0.811094,0.142261,0.811094,0.046645,1,,370.5,370.5,missing,,,p_net_meter_energy;p_net_meter_flow;s_dhw_lower_storage_temperature,pre_fault,,145.2,3-7d
manufacturer 1,21,2016-12-02 00:00:00+00:00,2016-12-02 06:00:00+00:00,0.919605,59.3126,0.593126,high,1-3d,0.554966,0.406641,0.554966,0.038392,1,,372.0,372.0,missing,,,p_net_meter_energy;p_net_meter_flow;s_dhw_lower_storage_temperature,pre_fault,,109.2,3-7d
manufacturer 1,21,2016-12-07 18:00:00+00:00,2016-12-08 00:00:00+00:00,0.940416,66.3255,0.663255,high,1-3d,0.586613,0.371792,0.586613,0.041595,1,1.2,1.2,1.2,missing,,,p_net_meter_energy;p_net_meter_flow;s_dhw_lower_storage_temperature,pre_fault,,117.91666666666669,3-7d
manufacturer 1,21,2016-12-10 00:00:00+00:00,2016-12-10 06:00:00+00:00,0.944566,59.6737,0.596737,high,0-24h,0.546626,0.546626,0.417926,0.035449,1,3.45,3.45,3.45,missing,,,p_net_meter_energy;p_net_meter_flow;s_dhw_lower_storage_temperature,pre_fault,,63.91666666666666,1-3d
manufacturer 1,21,2019-01-16 00:00:00+00:00,2019-01-16 06:00:00+00:00,0.852103,54.4796,0.544796,high,0-24h,0.785779,0.785779,0.18938,0.02484,2,764.3368055555555,105.45287037037038,105.45287037037038,missing,,,p_net_meter_energy;p_net_meter_flow;s_dhw_lower_storage_temperature,pre_fault,,128.28333333333333,3-7d
manufacturer 1,21,2019-01-16 12:00:00+00:00,2019-01-16 18:00:00+00:00,0.941286,72.3908,0.723908,high,1-3d,0.751556,0.222857,0.751556,0.025587,1,764.8368055555555,105.95287037037038,105.95287037037038,missing,,,p_net_meter_energy;p_net_meter_flow;s_dhw_lower_storage_temperature,pre_fault,,116.28333333333332,3-7d
manufacturer 1,21,2019-01-20 18:00:00+00:00,2019-01-21 00:00:00+00:00,0.952521,71.8611,0.718611,high,1-3d,0.783144,0.19127,0.783144,0.025585,1,769.0868055555555,110.20287037037038,110.20287037037038,missing,,,p_net_meter_energy;p_net_meter_flow;s_dhw_upper_storage_temperature,pre_fault,,14.283333333333331,0-24h
manufacturer 1,21,2019-01-21 00:00:00+00:00,2019-01-21 06:00:00+00:00,0.918939,75.6773,0.756773,high,0-24h,0.549415,0.549415,0.420408,0.030177,0,769.3368055555555,110.45287037037038,110.45287037037038,missing,,,p_net_meter_energy;p_net_meter_flow;s_dhw_lower_storage_temperature,pre_fault,,8.283333333333333,0-24h
manufacturer 1,22,2019-02-05 12:00:00+00:00,2019-02-05 18:00:00+00:00,0.896925,98.5825,0.985825,critical,0-24h,0.622135,0.622135,0.275973,0.101892,0,,,,missing,,,p_net_meter_energy;s_hc1_supply_temperature;p_net_return_temperature,normal,,,
manufacturer 1,22,2020-03-14 18:00:00+00:00,2020-03-15 00:00:00+00:00,0.892948,98.5117,0.985117,critical,0-24h,0.576075,0.576075,0.32078,0.103144,0,,,,missing,,,p_net_meter_energy;p_net_meter_flow;s_dhw_lower_storage_temperature,normal,,,
manufacturer 1,22,2020-03-18 18:00:00+00:00,2020-03-19 00:00:00+00:00,0.905935,98.4921,0.984921,critical,0-24h,0.725519,0.725519,0.203936,0.070544,0,,,,missing,,,p_net_meter_flow;p_net_meter_energy;p_net_meter_heat_power,normal,,,
manufacturer 1,23,2017-10-08 00:00:00+00:00,2017-10-08 06:00:00+00:00,0.495091,96.6391,0.966391,critical,1-3d,0.662047,0.310568,0.662047,0.027385,0,,257.0,257.0,missing,,,p_net_meter_flow;p_net_meter_energy;p_net_meter_heat_power,normal,,,
manufacturer 1,23,2017-10-09 00:00:00+00:00,2017-10-09 06:00:00+00:00,0.501438,95.7387,0.957387,critical,0-24h,0.645614,0.645614,0.330364,0.024022,0,,258.0,258.0,missing,,,p_net_meter_flow;p_net_meter_energy;p_net_meter_heat_power,normal,,,
manufacturer 1,24,2016-01-10 00:00:00+00:00,2016-01-10 06:00:00+00:00,0.499288,95.1685,0.951685,critical,0-24h,0.521791,0.521791,0.465596,0.012612,1,,33.0,33.0,missing,,,p_net_meter_energy;p_net_meter_flow;p_net_meter_volume,pre_fault,,60.65,1-3d
manufacturer 1,24,2016-01-10 18:00:00+00:00,2016-01-11 00:00:00+00:00,0.481129,95.2335,0.952335,critical,1-3d,0.770584,0.198575,0.770584,0.030842,0,,33.75,33.75,missing,,,p_net_meter_flow;p_net_meter_energy;p_net_meter_heat_power,pre_fault,,42.65,1-3d
manufacturer 1,24,2016-03-31 18:00:00+00:00,2016-04-01 00:00:00+00:00,0.473741,94.7953,0.947953,critical,0-24h,0.583185,0.583185,0.40031,0.016505,2,79.22291666666666,79.22291666666666,79.22291666666666,missing,,,p_net_meter_energy;p_net_meter_flow;s_hc1_supply_temperature_setpoint,pre_fault,,157.78333333333333,3-7d
manufacturer 1,24,2016-04-01 18:00:00+00:00,2016-04-02 00:00:00+00:00,0.514459,94.4046,0.944046,critical,1-3d,0.62716,0.34811,0.62716,0.02473,1,80.22291666666666,80.22291666666666,80.22291666666666,missing,,,p_net_meter_energy;p_net_meter_flow;outdoor_temperature,pre_fault,,133.78333333333333,3-7d
manufacturer 1,24,2016-04-03 06:00:00+00:00,2016-04-03 12:00:00+00:00,0.515234,75.7248,0.757248,high,0-24h,0.747961,0.747961,0.214052,0.037987,2,81.72291666666666,81.72291666666666,81.72291666666666,missing,,,p_net_meter_flow;p_net_meter_energy;s_hc1_supply_temperature,pre_fault,,97.78333333333332,3-7d
manufacturer 1,24,2016-04-05 06:00:00+00:00,2016-04-05 12:00:00+00:00,0.9734,93.5232,0.935232,critical,1-3d,0.782213,0.200733,0.782213,0.017054,0,83.72291666666666,0.25,0.25,missing,,,p_net_meter_flow;p_net_meter_energy;s_hc1_supply_temperature_setpoint,pre_fault,,49.78333333333333,1-3d
manufacturer 1,24,2016-04-06 12:00:00+00:00,2016-04-06 18:00:00+00:00,0.532953,60.8867,0.608867,high,0-24h,0.59996,0.59996,0.388982,0.011058,0,84.97291666666666,1.054861111111111,1.054861111111111,missing,,,p_net_supply_temperature;s_hc1_supply_temperature;p_hc1_return_temperature,pre_fault,,19.78333333333333,0-24h
manufacturer 1,24,2016-10-23 00:00:00+00:00,2016-10-23 06:00:00+00:00,0.49794,51.0206,0.510206,high,0-24h,0.634424,0.634424,0.358868,0.006709,1,198.67569444444445,198.67569444444445,198.67569444444445,missing,,,p_net_meter_energy;p_net_meter_flow;p_net_return_temperature,pre_fault,,37.91666666666666,1-3d
manufacturer 1,24,2016-10-24 00:00:00+00:00,2016-10-24 06:00:00+00:00,0.500772,52.9423,0.529423,high,0-24h,0.596419,0.596419,0.397797,0.005784,0,199.67569444444445,199.67569444444445,199.67569444444445,missing,,,p_net_meter_energy;p_net_meter_flow;s_hc1_supply_temperature,pre_fault,,13.916666666666666,0-24h
manufacturer 2,24,2020-03-13 06:00:00+00:00,2020-03-13 12:00:00+00:00,0.560093,33.0927,0.330927,medium,0-24h,0.668261,0.668261,0.320355,0.011384,2,1235.670138888889,497.94564814814817,497.94564814814817,missing,,,p_net_meter_volume;p_net_meter_flow;p_net_meter_energy,pre_fault,,125.18333333333334,3-7d
manufacturer 2,24,2020-03-14 06:00:00+00:00,2020-03-14 12:00:00+00:00,0.320271,2.3215,0.023215,low,1-3d,0.816825,0.146312,0.816825,0.036863,1,1236.670138888889,498.94564814814817,498.94564814814817,missing,,,p_net_meter_volume;p_net_meter_flow;p_net_meter_energy,pre_fault,,101.18333333333334,3-7d
manufacturer 2,24,2020-03-16 18:00:00+00:00,2020-03-17 00:00:00+00:00,0.396487,2.207,0.02207,low,0-24h,0.723507,0.723507,0.209917,0.066576,1,1239.170138888889,501.44564814814817,501.44564814814817,missing,,,p_net_meter_volume;p_net_meter_flow;p_net_meter_energy,pre_fault,,41.18333333333333,1-3d
manufacturer 1,25,2020-04-06 06:00:00+00:00,2020-04-06 12:00:00+00:00,0.616841,5.0312,0.050312,low,1-3d,0.601288,0.198003,0.601288,0.200709,0,,,,missing,,,p_net_meter_flow;p_net_meter_energy;p_net_meter_heat_power,normal,,,
manufacturer 1,25,2020-04-10 18:00:00+00:00,2020-04-11 00:00:00+00:00,0.384157,1.0952,0.010952,low,1-3d,0.525293,0.378464,0.525293,0.096244,0,,,,missing,,,p_net_meter_energy;p_net_meter_flow;outdoor_temperature,normal,,,
manufacturer 2,26,2019-11-11 00:00:00+00:00,2019-11-11 06:00:00+00:00,0.441662,2.1629,0.021629,low,1-3d,0.764119,0.144332,0.764119,0.091549,1,,380.7080208333333,380.7080208333333,missing,,,p_net_meter_volume;p_net_meter_flow;p_net_meter_energy,pre_fault,,105.0,3-7d
manufacturer 2,26,2019-11-14 12:00:00+00:00,2019-11-14 18:00:00+00:00,0.386399,1.9606,0.019606,low,1-3d,0.752598,0.149755,0.752598,0.097647,1,,384.2080208333333,384.2080208333333,missing,,,p_net_meter_volume;p_net_meter_flow;p_net_meter_energy,pre_fault,,21.0,0-24h
manufacturer 2,26,2020-03-03 06:00:00+00:00,2020-03-03 12:00:00+00:00,0.367699,2.2452,0.022452,low,1-3d,0.610725,0.303431,0.610725,0.085844,0,108.875,42.77361111111111,42.77361111111111,missing,,,p_net_meter_volume;p_net_meter_flow;p_net_meter_energy,normal,,,
manufacturer 2,26,2020-03-04 00:00:00+00:00,2020-03-04 06:00:00+00:00,0.378706,73.9641,0.739641,high,1-3d,0.838684,0.151287,0.838684,0.010029,0,109.625,43.52361111111111,43.52361111111111,missing,,,p_net_meter_volume;p_net_meter_flow;p_net_meter_energy,normal,,,
manufacturer 2,26,2020-03-06 00:00:00+00:00,2020-03-06 06:00:00+00:00,0.489257,6.6934,0.066934,low,1-3d,0.638218,0.355477,0.638218,0.006304,0,111.625,45.52361111111111,45.52361111111111,missing,,,p_net_meter_volume;p_net_meter_flow;p_net_meter_energy,normal,,,
manufacturer 2,26,2020-03-07 12:00:00+00:00,2020-03-07 18:00:00+00:00,0.417781,4.6842,0.046842,low,1-3d,0.57121,0.424479,0.57121,0.00431,0,113.125,47.02361111111111,47.02361111111111,missing,,,p_net_meter_volume;p_net_meter_flow;p_net_meter_energy,normal,,,
manufacturer 2,26,2020-03-07 18:00:00+00:00,2020-03-08 00:00:00+00:00,0.432773,5.4846,0.054846,low,1-3d,0.809726,0.185622,0.809726,0.004652,0,113.375,47.27361111111111,47.27361111111111,missing,,,p_net_meter_volume;p_net_meter_flow;p_net_meter_energy,normal,,,
manufacturer 1,26,2020-03-09 00:00:00+00:00,2020-03-09 06:00:00+00:00,0.429198,1.8555,0.018555,low,1-3d,0.654125,0.33678,0.654125,0.009095,0,114.625,48.52361111111111,48.52361111111111,missing,,,p_net_meter_flow;p_net_meter_energy;s_dhw_lower_storage_temperature,pre_fault,,39.81666666666667,1-3d
manufacturer 1,27,2020-01-15 00:00:00+00:00,2020-01-15 06:00:00+00:00,0.500048,67.9889,0.679889,high,1-3d,0.781657,0.182664,0.781657,0.035679,1,,48.71377314814815,48.71377314814815,missing,,,p_net_meter_flow;p_net_meter_energy;s_hc1_supply_temperature,pre_fault,,132.95,3-7d
manufacturer 1,27,2020-01-16 06:00:00+00:00,2020-01-16 12:00:00+00:00,0.447743,48.9553,0.489553,high,1-3d,0.901625,0.092662,0.901625,0.005713,1,,49.96377314814815,49.96377314814815,missing,,,p_net_meter_flow;p_net_meter_energy;p_net_meter_heat_power,pre_fault,,102.95,3-7d
manufacturer 1,27,2020-01-17 18:00:00+00:00,2020-01-18 00:00:00+00:00,0.467107,80.4368,0.804368,high,1-3d,0.938594,0.056648,0.938594,0.004758,0,,51.46377314814815,51.46377314814815,missing,,,p_net_meter_flow;p_net_meter_energy;s_hc1_supply_temperature,pre_fault,,66.95,1-3d
manufacturer 1,27,2020-01-20 12:00:00+00:00,2020-01-20 18:00:00+00:00,0.1716,9.8492,0.098492,low,1-3d,0.830738,0.16413,0.830738,0.005132,1,,54.21377314814815,54.21377314814815,missing,,,p_net_meter_energy;s_dhw_lower_storage_temperature;p_net_meter_flow,pre_fault,,0.95,0-24h
manufacturer 1,28,2020-01-07 12:00:00+00:00,2020-01-07 18:00:00+00:00,0.26512,3.7229,0.037229,low,1-3d,0.950878,0.046371,0.950878,0.002752,1,,91.61784722222222,91.61784722222222,missing,,,p_net_meter_energy;p_net_meter_flow;p_net_meter_volume,pre_fault,,142.91666666666666,3-7d
manufacturer 1,28,2020-01-07 18:00:00+00:00,2020-01-08 00:00:00+00:00,0.210284,2.6093,0.026093,low,0-24h,0.712952,0.712952,0.282498,0.004549,2,,91.86784722222222,91.86784722222222,missing,,,p_net_meter_flow;p_net_meter_energy;p_net_meter_heat_power,pre_fault,,136.91666666666666,3-7d
manufacturer 1,28,2020-01-08 06:00:00+00:00,2020-01-08 12:00:00+00:00,0.08919,8.0132,0.080132,low,1-3d,0.938247,0.059905,0.938247,0.001848,1,,92.36784722222222,92.36784722222222,missing,,,p_net_meter_energy;p_net_meter_flow;p_net_meter_volume,pre_fault,,124.91666666666669,3-7d
manufacturer 1,28,2020-01-11 00:00:00+00:00,2020-01-11 06:00:00+00:00,0.068795,29.2355,0.292355,medium,0-24h,0.835115,0.835115,0.161656,0.003229,1,,95.11784722222222,95.11784722222222,missing,,,p_net_meter_energy;p_net_meter_flow;p_net_meter_heat_power,pre_fault,,58.91666666666666,1-3d
manufacturer 1,28,2020-01-12 18:00:00+00:00,2020-01-13 00:00:00+00:00,0.135501,7.0555,0.070555,low,1-3d,0.838895,0.153627,0.838895,0.007478,1,,96.86784722222222,96.86784722222222,missing,,,p_net_meter_flow;p_net_meter_energy;p_net_meter_heat_power,pre_fault,,16.916666666666668,0-24h
manufacturer 1,29,2020-03-03 12:00:00+00:00,2020-03-03 18:00:00+00:00,0.136575,6.0047,0.060047,low,1-3d,0.849232,0.146609,0.849232,0.004159,1,,168.76349537037038,168.76349537037038,missing,,,p_net_meter_flow;p_net_meter_energy;p_net_return_temperature,pre_fault,,91.99527777777776,3-7d
manufacturer 1,29,2020-03-06 00:00:00+00:00,2020-03-06 06:00:00+00:00,0.130186,7.9558,0.079558,low,1-3d,0.866589,0.129556,0.866589,0.003856,0,,171.26349537037038,171.26349537037038,missing,,,p_net_meter_flow;p_net_meter_energy;p_net_meter_heat_power,pre_fault,,31.995277777777776,1-3d
manufacturer 1,30,2020-03-11 00:00:00+00:00,2020-03-11 06:00:00+00:00,0.08913,9.0645,0.090645,low,1-3d,0.962231,0.033498,0.962231,0.004271,1,,64.94394675925926,64.94394675925926,missing,,,p_net_meter_flow;p_net_meter_energy;s_hc1_supply_temperature_setpoint,pre_fault,,135.06666666666666,3-7d
manufacturer 1,31,2020-01-09 00:00:00+00:00,2020-01-09 06:00:00+00:00,0.094006,8.0912,0.080912,low,1-3d,0.795414,0.201384,0.795414,0.003201,1,,,,missing,,,p_net_meter_energy;s_dhw_supply_temperature_setpoint;s_dhw_lower_storage_temperature,pre_fault,,111.8,3-7d
manufacturer 2,31,2020-02-16 00:00:00+00:00,2020-02-16 06:00:00+00:00,0.552683,66.927,0.66927,high,1-3d,0.557321,0.376227,0.557321,0.066452,0,33.34166666666667,32.418692129629626,32.418692129629626,missing,,,p_net_meter_volume;p_net_meter_energy;p_net_meter_flow,normal,,,
manufacturer 2,31,2020-02-19 12:00:00+00:00,2020-02-19 18:00:00+00:00,0.481579,61.9618,0.619618,high,1-3d,0.559403,0.391731,0.559403,0.048865,0,36.84166666666667,35.918692129629626,35.918692129629626,missing,,,p_net_meter_volume;p_net_meter_energy;p_net_meter_flow,normal,,,
manufacturer 2,31,2020-02-20 12:00:00+00:00,2020-02-20 18:00:00+00:00,0.503574,65.1794,0.651794,high,0-24h,0.815306,0.815306,0.142985,0.041709,0,37.84166666666667,36.918692129629626,36.918692129629626,missing,,,p_net_meter_volume;p_net_meter_flow;p_net_meter_energy,normal,,,
manufacturer 2,35,2020-01-02 12:00:00+00:00,2020-01-02 18:00:00+00:00,0.53254,16.7283,0.167283,low,1-3d,0.765919,0.172716,0.765919,0.061364,0,,,,missing,,,p_net_meter_volume;p_net_meter_flow;p_net_meter_energy,normal,,,
manufacturer 2,35,2020-01-30 12:00:00+00:00,2020-01-30 18:00:00+00:00,0.53569,13.632,0.13632,low,1-3d,0.826546,0.162745,0.826546,0.01071,1,,,,missing,,,p_net_meter_volume;p_net_meter_flow;p_net_meter_energy,pre_fault,,123.45,3-7d
manufacturer 2,39,2019-10-07 06:00:00+00:00,2019-10-07 12:00:00+00:00,0.485012,22.2458,0.222458,medium,1-3d,0.920038,0.075848,0.920038,0.004114,1,3.738194444444445,2.925879629629629,2.925879629629629,missing,,,p_net_meter_volume;p_net_meter_flow;p_net_meter_energy,pre_fault,,153.25,3-7d
manufacturer 2,40,2019-08-18 12:00:00+00:00,2019-08-18 18:00:00+00:00,0.32111,17.6067,0.176067,low,1-3d,0.58334,0.407402,0.58334,0.009258,0,,912.5,912.5,missing,,,p_net_meter_volume;p_net_meter_energy;p_net_meter_flow,normal,,,
manufacturer 2,40,2019-08-21 12:00:00+00:00,2019-08-21 18:00:00+00:00,0.374138,24.3222,0.243222,medium,1-3d,0.717298,0.271474,0.717298,0.011228,0,,915.5,915.5,missing,,,p_net_meter_volume;p_net_meter_energy;p_net_meter_heat_power,normal,,,
manufacturer 2,40,2019-12-16 00:00:00+00:00,2019-12-16 06:00:00+00:00,0.143055,2.0413,0.020413,low,1-3d,0.758995,0.239064,0.758995,0.001941,0,,1032.0,1032.0,missing,,,p_net_meter_volume;p_net_meter_energy;p_net_meter_flow,normal,,,
manufacturer 2,40,2019-12-20 06:00:00+00:00,2019-12-20 12:00:00+00:00,0.133382,30.1162,0.301162,medium,0-24h,0.721704,0.721704,0.274094,0.004202,0,,1036.25,1036.25,missing,,,p_net_meter_volume;p_net_meter_flow;p_net_meter_energy,normal,,,
manufacturer 2,40,2019-12-20 12:00:00+00:00,2019-12-20 18:00:00+00:00,0.166716,43.6766,0.436766,medium,0-24h,0.641089,0.641089,0.35208,0.00683,0,,1036.5,1036.5,missing,,,p_net_meter_volume;p_net_meter_flow;p_net_meter_energy,normal,,,
manufacturer 2,43,2020-01-05 18:00:00+00:00,2020-01-06 00:00:00+00:00,0.314053,65.2585,0.652585,high,1-3d,0.654128,0.28875,0.654128,0.057122,1,,36.90613425925926,36.90613425925926,missing,,,p_net_meter_volume;p_net_meter_energy;p_net_meter_flow,pre_fault,,114.58333333333331,3-7d
manufacturer 2,43,2020-01-06 06:00:00+00:00,2020-01-06 12:00:00+00:00,0.221368,65.4246,0.654246,high,1-3d,0.814674,0.117272,0.814674,0.068054,1,,37.40613425925926,37.40613425925926,missing,,,p_net_meter_volume;p_net_meter_energy;p_net_meter_flow,pre_fault,,102.58333333333331,3-7d
manufacturer 2,43,2020-01-09 12:00:00+00:00,2020-01-09 18:00:00+00:00,0.307674,71.0211,0.710211,high,0-24h,0.835465,0.835465,0.130671,0.033863,1,,40.65613425925926,40.65613425925926,missing,,,p_net_meter_volume;p_net_meter_flow;p_net_meter_energy,pre_fault,,24.58333333333333,1-3d
manufacturer 2,45,2020-03-03 12:00:00+00:00,2020-03-03 18:00:00+00:00,0.635737,65.7054,0.657054,high,1-3d,0.831669,0.144101,0.831669,0.02423,1,,,,missing,,,p_net_meter_volume;p_net_meter_flow;p_net_meter_energy,pre_fault,,144.2,3-7d
manufacturer 2,45,2020-03-04 06:00:00+00:00,2020-03-04 12:00:00+00:00,0.625165,72.9741,0.729741,high,1-3d,0.587182,0.387813,0.587182,0.025005,1,,,,missing,,,p_net_meter_volume;p_net_meter_energy;p_net_meter_flow,pre_fault,,126.2,3-7d
manufacturer 2,45,2020-03-04 12:00:00+00:00,2020-03-04 18:00:00+00:00,0.572379,57.8483,0.578483,high,1-3d,0.791464,0.183676,0.791464,0.02486,1,,,,missing,,,p_net_meter_volume;p_net_meter_energy;p_net_meter_flow,pre_fault,,120.2,3-7d
manufacturer 2,45,2020-03-05 06:00:00+00:00,2020-03-05 12:00:00+00:00,0.613843,73.8217,0.738217,high,1-3d,0.634992,0.33507,0.634992,0.029938,1,,,,missing,,,p_net_meter_volume;p_net_meter_flow;p_net_meter_energy,pre_fault,,102.2,3-7d
manufacturer 2,45,2020-03-08 06:00:00+00:00,2020-03-08 12:00:00+00:00,0.891742,89.8969,0.898969,high,1-3d,0.48334,0.458196,0.48334,0.058464,0,,,,missing,,,p_net_meter_volume;p_net_meter_energy;p_net_meter_flow,pre_fault,,30.2,1-3d
manufacturer 2,45,2020-03-09 12:00:00+00:00,2020-03-09 18:00:00+00:00,0.771919,93.4111,0.934111,critical,0-24h,0.665776,0.665776,0.310467,0.023758,0,,,,missing,,,p_net_meter_volume;p_net_meter_energy;p_net_meter_flow,pre_fault,,0.2,0-24h
manufacturer 2,49,2018-02-14 00:00:00+00:00,2018-02-14 06:00:00+00:00,0.331003,9.5316,0.095316,low,0-24h,0.521431,0.521431,0.36982,0.10875,0,,629.0,629.0,missing,,,p_net_meter_volume;p_net_meter_energy;p_net_meter_flow,normal,,,
manufacturer 2,49,2018-02-15 00:00:00+00:00,2018-02-15 06:00:00+00:00,0.352301,3.888,0.03888,low,0-24h,0.517525,0.517525,0.374558,0.107917,0,,630.0,630.0,missing,,,p_net_meter_volume;p_net_meter_flow;p_net_meter_energy,normal,,,
manufacturer 2,49,2018-02-17 00:00:00+00:00,2018-02-17 06:00:00+00:00,0.218517,3.3087,0.033087,low,1-3d,0.638176,0.307754,0.638176,0.05407,0,,632.0,632.0,missing,,,p_net_meter_volume;p_net_meter_energy;p_net_meter_flow,normal,,,
manufacturer 2,49,2018-02-17 12:00:00+00:00,2018-02-17 18:00:00+00:00,0.269934,2.4381,0.024381,low,1-3d,0.813554,0.123448,0.813554,0.062998,0,,632.5,632.5,missing,,,p_net_meter_volume;p_net_meter_energy;p_net_meter_flow,normal,,,
manufacturer 2,50,2019-11-12 18:00:00+00:00,2019-11-13 00:00:00+00:00,0.634509,27.4564,0.274564,medium,1-3d,0.589471,0.394615,0.589471,0.015914,1,,,,missing,,,p_net_meter_volume;p_net_meter_flow;p_net_meter_energy,pre_fault,,132.84444444444443,3-7d
manufacturer 2,50,2019-11-14 00:00:00+00:00,2019-11-14 06:00:00+00:00,0.627023,17.8758,0.178758,low,0-24h,0.710824,0.710824,0.274977,0.014199,2,,,,missing,,,p_net_meter_volume;p_net_meter_flow;p_net_meter_energy,pre_fault,,102.84444444444443,3-7d
manufacturer 2,50,2019-11-15 06:00:00+00:00,2019-11-15 12:00:00+00:00,0.706499,22.3032,0.223032,medium,1-3d,0.693379,0.299381,0.693379,0.00724,1,,,,missing,,,p_net_meter_volume;p_net_meter_flow;p_net_meter_energy,pre_fault,,72.84444444444445,3-7d
manufacturer 2,50,2019-11-15 12:00:00+00:00,2019-11-15 18:00:00+00:00,0.519379,20.0298,0.200298,low,1-3d,0.63719,0.353044,0.63719,0.009766,0,,,,missing,,,p_net_meter_volume;p_net_meter_energy;p_net_meter_flow,pre_fault,,66.84444444444445,1-3d
manufacturer 2,50,2019-11-16 12:00:00+00:00,2019-11-16 18:00:00+00:00,0.582038,25.2135,0.252135,medium,1-3d,0.89342,0.10011,0.89342,0.00647,0,,,,missing,,,p_net_meter_volume;p_net_meter_flow;p_net_meter_energy,pre_fault,,42.84444444444444,1-3d
manufacturer 2,50,2019-11-18 06:00:00+00:00,2019-11-18 12:00:00+00:00,0.75298,76.4216,0.764216,high,1-3d,0.657174,0.333021,0.657174,0.009805,1,,,,missing,,,p_net_meter_volume;p_net_meter_flow;p_net_meter_energy,pre_fault,,0.8444444444444444,0-24h
manufacturer 2,52,2017-09-26 00:00:00+00:00,2017-09-26 06:00:00+00:00,0.108733,2.1461,0.021461,low,1-3d,0.834485,0.158588,0.834485,0.006926,0,,195.0,195.0,missing,,,p_net_meter_volume;p_net_meter_flow;p_net_meter_energy,normal,,,
manufacturer 2,52,2017-09-28 00:00:00+00:00,2017-09-28 06:00:00+00:00,0.149466,5.5295,0.055295,low,1-3d,0.610188,0.385104,0.610188,0.004707,0,,197.0,197.0,missing,,,p_net_meter_volume;p_net_meter_flow;p_net_meter_energy,normal,,,
manufacturer 2,52,2017-09-28 18:00:00+00:00,2017-09-29 00:00:00+00:00,0.101383,2.6133,0.026133,low,1-3d,0.595916,0.393118,0.595916,0.010965,0,,197.75,197.75,missing,,,p_net_meter_volume;p_net_meter_flow;p_net_meter_energy,normal,,,
manufacturer 2,52,2018-06-01 06:00:00+00:00,2018-06-01 12:00:00+00:00,0.314375,10.3342,0.103342,low,1-3d,0.859301,0.122739,0.859301,0.01796,0,,98.89861111111112,98.89861111111112,missing,,,p_net_meter_flow;p_net_meter_volume;p_net_meter_heat_power,normal,,,
manufacturer 2,52,2018-08-24 18:00:00+00:00,2018-08-25 00:00:00+00:00,0.508997,3.1759,0.031759,low,1-3d,0.657211,0.325507,0.657211,0.017283,0,,183.3986111111111,183.3986111111111,missing,,,p_net_meter_volume;p_net_meter_energy;p_net_meter_flow,normal,,,
manufacturer 2,52,2018-08-25 18:00:00+00:00,2018-08-26 00:00:00+00:00,0.42169,1.4803,0.014803,low,1-3d,0.848736,0.142401,0.848736,0.008863,0,,184.3986111111111,184.3986111111111,missing,,,p_net_meter_volume;p_net_meter_energy;p_net_meter_flow,normal,,,
manufacturer 2,52,2018-08-26 18:00:00+00:00,2018-08-27 00:00:00+00:00,0.357561,1.2847,0.012847,low,1-3d,0.626389,0.363663,0.626389,0.009948,0,,185.3986111111111,185.3986111111111,missing,,,p_net_meter_volume;p_net_meter_energy;p_net_meter_flow,normal,,,
manufacturer 2,52,2019-02-15 06:00:00+00:00,2019-02-15 12:00:00+00:00,0.308847,30.3974,0.303974,medium,1-3d,0.533554,0.46239,0.533554,0.004056,1,,357.8986111111111,357.8986111111111,missing,,,p_net_meter_volume;p_net_meter_flow;p_net_meter_energy,pre_fault,,123.26666666666668,3-7d
manufacturer 2,52,2019-02-18 06:00:00+00:00,2019-02-18 12:00:00+00:00,0.201749,22.8962,0.228962,medium,1-3d,0.852979,0.142918,0.852979,0.004102,0,,360.8986111111111,360.8986111111111,missing,,,p_net_meter_volume;p_net_meter_flow;p_net_meter_energy,pre_fault,,51.266666666666666,1-3d
manufacturer 2,52,2019-02-19 12:00:00+00:00,2019-02-19 18:00:00+00:00,0.205234,23.6208,0.236208,medium,0-24h,0.645277,0.645277,0.309948,0.044775,0,,362.1486111111111,362.1486111111111,missing,,,p_dhw_return_temperature;outdoor_temperature;outdoor_temperature,pre_fault,,21.266666666666666,0-24h
manufacturer 2,52,2020-03-12 00:00:00+00:00,2020-03-12 06:00:00+00:00,0.258153,2.5888,0.025888,low,0-24h,0.725173,0.725173,0.23462,0.040206,0,385.6138888888889,372.3691898148148,372.3691898148148,missing,,,p_dhw_return_temperature;outdoor_temperature;outdoor_temperature,normal,,,
manufacturer 2,52,2020-03-12 18:00:00+00:00,2020-03-13 00:00:00+00:00,0.176519,1.3456,0.013456,low,0-24h,0.628055,0.628055,0.337373,0.034571,0,386.3638888888889,373.1191898148148,373.1191898148148,missing,,,p_dhw_return_temperature;p_hc1_return_temperature;s_hc1_supply_temperature,normal,,,
manufacturer 2,53,2019-11-10 06:00:00+00:00,2019-11-10 12:00:00+00:00,0.43618,56.4835,0.564835,high,1-3d,0.773595,0.214471,0.773595,0.011935,1,,,,missing,,,p_net_meter_volume;p_net_meter_energy;p_net_meter_flow,pre_fault,,123.83333333333331,3-7d
manufacturer 2,53,2019-11-12 00:00:00+00:00,2019-11-12 06:00:00+00:00,0.435093,69.8819,0.698819,high,1-3d,0.881571,0.115765,0.881571,0.002664,1,,,,missing,,,p_net_meter_volume;p_net_meter_energy;p_net_meter_flow,pre_fault,,81.83333333333333,3-7d
manufacturer 2,53,2019-11-13 18:00:00+00:00,2019-11-14 00:00:00+00:00,0.466545,66.4937,0.664937,high,1-3d,0.680684,0.311674,0.680684,0.007643,0,,,,missing,,,p_net_meter_volume;p_net_meter_energy;p_net_meter_flow,pre_fault,,39.833333333333336,1-3d
manufacturer 2,53,2019-12-13 00:00:00+00:00,2019-12-13 06:00:00+00:00,0.415481,6.1566,0.061566,low,1-3d,0.760847,0.234084,0.760847,0.005069,0,27.59027777777778,27.325590277777778,27.325590277777778,missing,,,p_net_meter_volume;p_net_meter_flow;p_net_meter_energy,normal,,,
manufacturer 2,53,2019-12-13 12:00:00+00:00,2019-12-13 18:00:00+00:00,0.456171,5.6174,0.056174,low,1-3d,0.814059,0.178103,0.814059,0.007838,0,28.09027777777778,27.825590277777778,27.825590277777778,missing,,,p_net_meter_volume;p_net_meter_energy;p_net_meter_heat_power,normal,,,
manufacturer 2,53,2019-12-16 00:00:00+00:00,2019-12-16 06:00:00+00:00,0.501921,6.1665,0.061665,low,1-3d,0.928935,0.069158,0.928935,0.001907,0,30.59027777777778,30.325590277777778,30.325590277777778,missing,,,p_net_meter_volume;p_net_meter_flow;p_net_meter_energy,normal,,,
manufacturer 2,53,2019-12-19 06:00:00+00:00,2019-12-19 12:00:00+00:00,0.43452,6.2532,0.062532,low,0-24h,0.632745,0.632745,0.361142,0.006113,0,33.84027777777778,33.57559027777778,33.57559027777778,missing,,,p_net_meter_volume;p_net_meter_energy;p_net_meter_flow,normal,,,
manufacturer 2,53,2020-02-19 12:00:00+00:00,2020-02-19 18:00:00+00:00,0.552468,17.305,0.17305,low,1-3d,0.667243,0.326474,0.667243,0.006283,0,96.09027777777776,95.82559027777778,95.82559027777778,missing,,,p_net_meter_volume;p_net_meter_energy;p_net_meter_flow,normal,,,
manufacturer 2,53,2020-02-24 06:00:00+00:00,2020-02-24 12:00:00+00:00,0.596208,14.7046,0.147046,low,0-24h,0.553717,0.553717,0.440357,0.005925,0,100.84027777777776,100.57559027777778,100.57559027777778,missing,,,p_net_meter_volume;p_net_meter_flow;p_net_meter_energy,normal,,,
manufacturer 2,53,2020-03-13 18:00:00+00:00,2020-03-14 00:00:00+00:00,0.426025,21.4959,0.214959,low,1-3d,0.66095,0.329531,0.66095,0.009518,0,119.34027777777776,119.07559027777778,119.07559027777778,missing,,,p_net_meter_volume;p_net_meter_flow;p_net_meter_energy,pre_fault,,64.0,1-3d
manufacturer 2,55,2019-10-15 06:00:00+00:00,2019-10-15 12:00:00+00:00,0.663156,66.3226,0.663226,high,1-3d,0.51425,0.46156,0.51425,0.02419,0,,979.25,979.25,missing,,,p_net_meter_volume;p_net_meter_flow;p_net_meter_energy,normal,,,
manufacturer 2,55,2019-10-15 18:00:00+00:00,2019-10-16 00:00:00+00:00,0.789482,55.3705,0.553705,high,0-24h,0.869913,0.869913,0.102711,0.027376,0,,979.75,979.75,missing,,,p_net_meter_volume;p_net_meter_flow;p_net_meter_energy,normal,,,
manufacturer 2,55,2019-10-20 06:00:00+00:00,2019-10-20 12:00:00+00:00,0.631244,79.6475,0.796475,high,1-3d,0.557404,0.429843,0.557404,0.012754,0,,984.25,984.25,missing,,,p_net_meter_volume;p_net_meter_energy;p_net_meter_flow,normal,,,
manufacturer 2,55,2019-10-21 00:00:00+00:00,2019-10-21 06:00:00+00:00,0.741001,86.5525,0.865525,high,0-24h,0.580312,0.580312,0.406725,0.012963,0,,985.0,985.0,missing,,,p_net_meter_volume;p_net_meter_flow;p_net_meter_energy,normal,,,
manufacturer 2,55,2019-10-21 06:00:00+00:00,2019-10-21 12:00:00+00:00,0.625236,89.1028,0.891028,high,1-3d,0.510697,0.477547,0.510697,0.011757,0,,985.25,985.25,missing,,,p_net_meter_volume;p_net_meter_energy;p_net_meter_flow,normal,,,
manufacturer 2,55,2019-10-21 18:00:00+00:00,2019-10-22 00:00:00+00:00,0.778378,85.3924,0.853924,high,1-3d,0.71977,0.260102,0.71977,0.020128,0,,985.75,985.75,missing,,,p_net_meter_volume;p_net_meter_flow;p_net_meter_energy,normal,,,
manufacturer 2,59,2020-01-23 06:00:00+00:00,2020-01-23 12:00:00+00:00,0.44367,80.134,0.80134,high,1-3d,0.924068,0.046039,0.924068,0.029893,0,,33.99599537037037,33.99599537037037,missing,,,p_net_meter_volume;p_net_meter_energy;p_net_meter_flow,pre_fault,,32.766666666666666,1-3d
manufacturer 2,59,2020-01-23 12:00:00+00:00,2020-01-23 18:00:00+00:00,0.447034,82.6302,0.826302,high,1-3d,0.665075,0.295492,0.665075,0.039433,0,,34.24599537037037,34.24599537037037,missing,,,p_net_meter_volume;p_net_meter_energy;p_net_meter_flow,pre_fault,,26.766666666666666,1-3d
manufacturer 2,59,2020-03-09 12:00:00+00:00,2020-03-09 18:00:00+00:00,0.551344,73.8682,0.738682,high,1-3d,0.706565,0.268495,0.706565,0.02494,0,44.88472222222222,44.88472222222222,44.88472222222222,missing,,,p_net_meter_volume;p_net_meter_flow;p_net_meter_energy,normal,,,
manufacturer 2,59,2020-03-10 18:00:00+00:00,2020-03-11 00:00:00+00:00,0.445268,72.0658,0.720658,high,1-3d,0.600249,0.362969,0.600249,0.036782,0,46.13472222222222,46.13472222222222,46.13472222222222,missing,,,p_net_meter_volume;p_net_meter_flow;p_net_meter_energy,normal,,,
manufacturer 2,60,2019-03-18 12:00:00+00:00,2019-03-18 18:00:00+00:00,0.435502,14.5446,0.145446,low,1-3d,0.63101,0.330473,0.63101,0.038517,0,,,,missing,,,p_net_meter_volume;p_net_meter_energy;p_net_meter_flow,normal,,,
manufacturer 2,60,2019-03-21 12:00:00+00:00,2019-03-21 18:00:00+00:00,0.414806,11.8786,0.118786,low,0-24h,0.527982,0.527982,0.46365,0.008368,0,,,,missing,,,p_net_meter_volume;p_net_meter_energy;p_net_meter_flow,normal,,,
