sample_id,pool_role,candidate_type,manufacturer,label,label_strength,y,source_event_id,substation_id,window_start,window_end,window_days,window_policy,sample_count,expected_sample_count,coverage_rate,source_type,review_tag,fault_label,outdoor_temperature__last_12h_mean_minus_prev_12h_mean,outdoor_temperature__last_6h_mean_minus_prev_6h_mean,outdoor_temperature__last_minus_first,p_hc1_return_temperature__last_12h_mean_minus_prev_12h_mean,p_hc1_return_temperature__last_1d_mean_minus_prev_6d_mean,p_net_meter_flow__last_1d_std_minus_prev_6d_std,p_net_return_temperature__last_1d_mean_minus_prev_6d_mean,p_return_gap__last_1d_mean_minus_prev_6d_mean,p_return_gap__last_minus_first,s_hc1_supply_temperature__last_1d_mean_minus_prev_6d_mean,s_hc1_supply_temperature__last_1d_std_minus_prev_6d_std,s_hc1_supply_temperature_error__last_minus_first,s_hc1_supply_temperature_setpoint__last_1d_mean_minus_prev_6d_mean
normal_0002,fixed_eval,fixed_eval,manufacturer_1,normal,normal,0,2.0,9,2019-01-02 00:00:00,2019-01-09 00:00:00,7.0,normal_event_7d,1008,1008,1.0,normal_event,,,2.0175,0.4477777777777785,3.46,-0.8015277777777712,0.0771238425925986,-5.255786639781881,-0.037037037037038,0.1141608796296305,2.640000000000001,-0.2027314814814786,0.1281330535576179,-0.0799999999999983,-0.169212962962959
normal_0004,fixed_eval,fixed_eval,manufacturer_1,normal,normal,0,4.0,15,2019-03-01 00:00:00,2019-03-08 00:00:00,7.0,normal_event_7d,1008,1008,1.0,normal_event,,,5.370833333333333,-3.565277777777778,-3.5,-1.974305555555567,-0.7550925925925824,-24.23171442443584,-0.6346809921096863,-0.0968434710904154,-7.133333333333333,-0.6008101851851819,0.1812879821704132,0.75,-1.166087962962962
normal_0008,fixed_eval,fixed_eval,manufacturer_1,normal,normal,0,8.0,6,2020-06-02 00:00:00,2020-06-09 00:00:00,7.0,normal_event_7d,1008,1008,1.0,normal_event,hard_normal_metadata,,-0.1728935185185207,-3.078009259259261,-0.0699999999999967,0.6668749999999939,1.9352384259259277,2.140296229759997,1.9554976851851824,-0.020259259259259,0.120000000000001,1.53505073302469,-1.8842949141968892,-10.330000000000002,6.232616705246919
normal_0012,fixed_eval,fixed_eval,manufacturer_1,normal,normal,0,12.0,19,2017-09-30 00:00:00,2017-10-07 00:00:00,7.0,normal_event_7d,1008,1008,1.0,normal_event,,,5.41875,-5.7416666666666725,-4.800000000000001,-0.28680555555556,0.1899305555555557,-276.4033368406342,-0.2633622685185273,0.4532928240740732,13.714999999999996,0.4145833333333399,-2.9013175352264726,-0.0500000000000042,0.3733796296296319
normal_0014,fixed_eval,fixed_eval,manufacturer_1,normal,normal,0,14.0,26,2019-12-08 00:00:00,2019-12-15 00:00:00,7.0,normal_event_7d,1008,1008,1.0,normal_event,,,-0.063194444444445,-1.4286111111111115,2.79,2.1424999999999983,0.4598495370370372,-14.063320684380043,1.3356481481481524,-0.8757986111111116,-12.829999999999998,0.5037731481481629,0.3459541971372522,-22.25,0.7028530092592646
normal_0016,fixed_eval,fixed_eval,manufacturer_1,normal,normal,0,16.0,17,2017-10-15 00:00:00,2017-10-22 00:00:00,7.0,normal_event_7d,1008,1008,1.0,normal_event,,,4.05347222222222,-0.7749999999999986,5.500000000000002,-0.5326388888889042,-0.8207175925926009,172.4168465467268,-0.0873796052631661,0.2512476959920755,0.9628000000000156,-1.6495370370370352,0.4167244519767061,7.599999999999994,-2.5107638888888744
normal_0017,fixed_eval,fixed_eval,manufacturer_1,normal,normal,0,17.0,2,2018-02-27 00:00:00,2018-03-06 00:00:00,7.0,normal_event_7d,1008,1008,1.0,normal_event,,,2.561805555555556,-1.3958333333333348,-3.65,0.2930555555555614,-0.1609953703703794,11.355759945591233,-0.362268518518519,0.2012731481481482,-2.1499999999999986,1.19774305555557,-0.28569988221986,1.0999999999999943,1.1585648148148169
normal_0018,fixed_eval,fixed_eval,manufacturer_1,normal,normal,0,18.0,16,2018-11-30 00:00:00,2018-12-07 00:00:00,7.0,normal_event_7d,1008,1008,1.0,normal_event,,,1.477777777777778,-0.6458333333333335,-6.8,-4.06666666666667,-0.3286458333333328,-1.2407789848725344,-0.6082870370370301,0.2796412037037038,0.4566666666666705,-0.054282407407399,-0.8456715103542944,0.1499999999999914,0.0079861111111085
normal_0019,fixed_eval,fixed_eval,manufacturer_1,normal,normal,0,19.0,8,2018-02-01 00:00:00,2018-02-08 00:00:00,7.0,normal_event_7d,1008,1008,1.0,normal_event,review_required_normal,,-1.5215277777777771,-0.4472222222222219,3.25,1.4444444444444429,1.7191550925925867,15.01996790485616,1.554986105328389,-0.2483123057408716,11.366666666666667,-2.130497685185184,-0.64686976469992,2.8500000000000014,-2.207291666666663
normal_0021,fixed_eval,fixed_eval,manufacturer_1,normal,normal,0,21.0,1,2019-12-01 00:00:00,2019-12-08 00:00:00,7.0,normal_event_7d,1008,1008,1.0,normal_event,,,1.677671296296296,-2.1318055555555557,-2.0625,-1.4591874999999987,6.143344411375658,-86.08823032234022,3.7090374228395007,2.4343069885361555,1.0499999999999972,9.71842792383157,-2.936812101005944,-1.3475000000000037,9.581254147376557
normal_0022,fixed_eval,fixed_eval,manufacturer_1,normal,normal,0,22.0,5,2017-09-13 00:00:00,2017-09-20 00:00:00,7.0,normal_event_7d,1008,1008,1.0,normal_event,,,0.8687499999999986,-0.3888888888888857,-2.849999999999998,0.0548611111111085,-0.2563078703703638,-15.63862423016034,0.4545013581684074,-0.7092537349631414,-0.5499999999999972,-0.5934027777777828,-0.0973308244742673,-2.0,0.2519097222222157
normal_0025,fixed_eval,fixed_eval,manufacturer_1,normal,normal,0,25.0,20,2017-01-31 00:00:00,2017-02-07 00:00:00,7.0,normal_event_7d,1008,1008,1.0,normal_event,,,0.3666666666666671,-1.2777777777777768,-2.35,3.959027777777777,1.2780092592592638,33.54196126981685,0.2697916666666629,1.0082175925925916,0.7183333333333266,1.8739004629629648,-0.0306556614588027,-0.8999999999999915,1.5763888888888855
normal_0026,fixed_eval,fixed_eval,manufacturer_1,normal,normal,0,26.0,4,2018-02-19 00:00:00,2018-02-26 00:00:00,7.0,normal_event_7d,1008,1008,1.0,normal_event,,,-0.3256944444444452,-1.9819444444444447,-2.4000000000000004,2.1243055555555515,-0.1034143518518462,62.19160024934072,-0.8586716107207906,0.7053612086911265,6.166666666666664,0.0544560185185289,0.9667967307972596,1.7000000000000028,-0.2772569444444386
normal_0027,fixed_eval,fixed_eval,manufacturer_1,normal,normal,0,27.0,12,2015-06-24 13:34:00,2015-07-01 13:34:00,7.0,normal_event_7d,1008,1008,1.0,normal_event,hard_normal_metadata,,-3.885416666666672,2.69166666666667,-0.6000000000000014,-0.1291666666666628,0.0703125,2.906777295540067,0.8668981481481453,-0.7965856481481488,-5.900000000000002,0.1201388888888814,-0.0596886624035467,-0.2999999999999971,-0.0305555555555585
normal_0028,fixed_eval,fixed_eval,manufacturer_1,normal,normal,0,28.0,7,2019-01-01 10:29:00,2019-01-08 10:29:00,7.0,normal_event_7d,1008,1008,1.0,normal_event,,,-1.989583333333333,1.5166666666666684,-3.4000000000000004,-2.36666666666666,1.639351851851849,19.556819943215032,0.619206116655981,1.042508012086805,10.6,2.8515046296296305,-1.4908919978533652,-0.7000000000000028,2.809259259259264
normal_0030,fixed_eval,fixed_eval,manufacturer_1,normal,normal,0,30.0,16,2018-02-28 00:00:00,2018-03-07 00:00:00,7.0,normal_event_7d,1008,1008,1.0,normal_event,,,3.020138888888889,-5.029166666666668,-11.25,1.1583333333333383,0.3118634259259139,-53.52783214377547,0.548169448048121,-0.2057941679443337,-3.5249999999999986,0.0075231481481381,-0.0452776357753879,1.25,0.0
normal_0031,fixed_eval,fixed_eval,manufacturer_1,normal,normal,0,31.0,3,2019-09-01 00:00:00,2019-09-08 00:00:00,7.0,normal_event_7d,1008,1008,1.0,normal_event,,,2.0397222222222204,-1.032500000000006,-1.6099999999999994,1.799861111111106,-1.4993287037037106,10.66892753117287,-1.3014062499999923,-0.1979224537037036,-0.1599999999999966,0.4256770833333263,0.2422972702650954,9.47,-0.0050810185185241
normal_0033,fixed_eval,fixed_eval,manufacturer_1,normal,normal,0,33.0,3,2019-01-11 00:00:00,2019-01-18 00:00:00,7.0,normal_event_7d,1008,1008,1.0,normal_event,hard_normal_metadata,,3.5187499999999994,1.8791666666666664,-3.95,0.73888888888888,1.5047453703703724,-225.07700004378236,1.569675925925921,-0.0649305555555556,-0.0549999999999997,2.5711226851851734,-0.8965417667561391,-1.75,2.540682870370361
normal_0035,fixed_eval,fixed_eval,manufacturer_1,normal,normal,0,35.0,11,2017-10-31 00:00:00,2017-11-07 00:00:00,7.0,normal_event_7d,1008,1008,1.0,normal_event,hard_normal_metadata,,2.240277777777779,-2.7888888888888896,-1.1499999999999986,0.4854166666666657,1.3045138888888914,28.419865577529883,-1.8588992974238887,3.12389653265678,10.566666666666674,3.0975983796296305,-0.3720893402099676,-20.2,12.410243055555554
normal_0039,fixed_eval,fixed_eval,manufacturer_1,normal,normal,0,39.0,15,2018-09-30 00:00:00,2018-10-07 00:00:00,7.0,normal_event_7d,1008,1008,1.0,normal_event,hard_normal_metadata,,3.732638888888893,-2.276388888888892,2.349999999999998,0.2812500000000071,0.3368634259259337,-51.61049009132039,0.4785879629629619,-0.141724537037037,-7.400000000000006,0.8937499999999972,-0.1214088652896343,-13.54999999999999,12.038541666666651
normal_0041,fixed_eval,fixed_eval,manufacturer_1,normal,normal,0,41.0,2,2016-09-16 00:00:00,2016-09-23 00:00:00,7.0,normal_event_7d,1008,1008,1.0,normal_event,,,0.0881944444444435,-0.6416666666666622,-4.600000000000001,1.4236111111111107,2.846354166666668,42.83604670771922,9.100115740740735,-6.2537615740740735,2.93333333333333,9.56157407407408,-7.789767951189113,-10.499999999999996,12.006249999999994
normal_0042,fixed_eval,fixed_eval,manufacturer_1,normal,normal,0,42.0,22,2019-11-01 00:00:00,2019-11-08 00:00:00,7.0,normal_event_7d,1008,1008,1.0,normal_event,,,0.2914513888888876,-3.798657407407408,-3.4499999999999997,0.911002314814816,-1.2590367476851938,34.64377021256365,-0.1880594135802411,-1.0709773341049384,8.389999999999997,1.641854456018514,0.6928689765389633,2.799999999999997,1.8051042631172864
normal_0043,fixed_eval,fixed_eval,manufacturer_1,normal,normal,0,43.0,25,2020-04-05 00:00:00,2020-04-12 00:00:00,7.0,normal_event_7d,1008,1008,1.0,normal_event,,,-1.194583333333334,-5.36861111111111,-2.8599999999999994,3.043888888888887,1.2105729166666706,-105.40536371577844,1.2247685185185162,-0.0141956018518516,-2.499999999999993,0.468634259259268,-0.067449299831674,-1.4599999999999935,0.6967303240740677
normal_0046,fixed_eval,fixed_eval,manufacturer_1,normal,normal,0,46.0,4,2018-06-19 00:00:00,2018-06-26 00:00:00,7.0,normal_event_7d,1008,1008,1.0,normal_event,,,3.729861111111113,-1.594444444444445,1.0500000000000045,0.0131944444444371,0.9612847222222172,28.485005852332392,0.2731481481481452,0.688136574074079,2.566666666666663,2.665567129629636,-1.1068576737670952,6.200000000000003,-0.3859374999999971
normal_0048,fixed_eval,fixed_eval,manufacturer_1,normal,normal,0,48.0,11,2016-09-30 00:00:00,2016-10-07 00:00:00,7.0,normal_event_7d,1008,1008,1.0,normal_event,hard_normal_metadata,,3.34513888888889,-2.8125000000000018,-2.549999999999999,-0.3659722222222115,-2.125636574074079,16.0768922383836,-3.545828874989482,1.3826469658614116,-11.549999999999995,1.8754050925925936,2.01306949348108,-4.5,1.2225694444444457
normal_0050,fixed_eval,fixed_eval,manufacturer_1,normal,normal,0,50.0,17,2016-11-09 00:00:00,2016-11-16 00:00:00,7.0,normal_event_7d,1008,1008,1.0,normal_event,,,1.0465277777777775,-3.399999999999997,-2.25,0.1111111111111142,-0.0802662037037293,71.61324811693191,0.0230539177148756,-0.1123293370020961,0.8783333333333445,-0.1264467592592666,0.1345178417439316,0.8499999999999943,0.353356481481498
normal_0051,fixed_eval,fixed_eval,manufacturer_1,normal,normal,0,51.0,20,2020-04-01 00:00:00,2020-04-08 00:00:00,7.0,normal_event_7d,1008,1008,1.0,normal_event,,,5.038194444444443,-2.773333333333335,0.3599999999999994,-5.8572222222222265,-0.0540162037037106,29.726419402095075,0.2310185185185247,-0.285034722222222,2.420000000000009,-0.4693402777777749,0.3662663048592529,-0.1999999999999957,-0.5174247685185236
normal_0054,fixed_eval,fixed_eval,manufacturer_1,normal,normal,0,54.0,22,2020-03-14 00:00:00,2020-03-21 00:00:00,7.0,normal_event_7d,1008,1008,1.0,normal_event,,,-0.0254166666666648,-3.54638888888889,-4.800000000000001,0.541157407407411,3.290046296296296,-25.538859316220083,0.1653163580246968,3.124729938271603,15.580000000000002,3.127680362654317,-0.143748801228833,-3.6700000000000017,2.869871720679008
normal_0055,fixed_eval,fixed_eval,manufacturer_1,normal,normal,0,55.0,23,2017-10-06 00:00:00,2017-10-13 00:00:00,7.0,normal_event_7d,1008,1008,1.0,normal_event,,,-0.0006944444444432,-2.455555555555552,1.25,2.1381944444444443,-2.136574074074076,-297.9928768139025,1.7251446759259252,-3.861718750000001,-23.736666666666675,-2.639178240740748,-1.2084368053344088,4.950000000000003,-2.49079861111111
normal_0056,fixed_eval,fixed_eval,manufacturer_1,normal,normal,0,56.0,2,2018-11-29 00:00:00,2018-12-06 00:00:00,7.0,normal_event_7d,1008,1008,1.0,normal_event,,,0.5888888888888886,-0.1069444444444438,-3.6,4.62777777777778,3.960300925925928,-41.83932834583352,3.894667852199504,-0.7205874804066252,-1.1166666666666742,5.00364583333333,-0.456597740467954,-0.8000000000000043,5.055555555555564
normal_0058,fixed_eval,fixed_eval,manufacturer_1,normal,normal,0,58.0,5,2018-02-28 00:00:00,2018-03-07 00:00:00,7.0,normal_event_7d,1008,1008,1.0,normal_event,,,1.1645833333333335,-0.3194444444444437,-5.75,3.44305555555556,2.6053819444444457,-5.832963357485113,0.7120169789227191,1.904423627374446,10.716666666666669,1.1197337962962948,-3.1076519680828807,1.04999999999999,0.9968171296296332
normal_0059,fixed_eval,fixed_eval,manufacturer_1,normal,normal,0,59.0,22,2019-01-31 00:00:00,2019-02-07 00:00:00,7.0,normal_event_7d,1008,1008,1.0,normal_event,,,-0.0277777777777776,-0.1277777777777782,-1.3500000000000003,0.7548611111111185,0.5504050925925981,-34.81837757706171,-0.2297390434109374,1.4893985913631305,-5.649999999999999,0.6231481481481396,-3.4608263231317915,-1.0500000000000045,0.3981481481481523
normal_0061,fixed_eval,fixed_eval,manufacturer_1,normal,normal,0,61.0,14,2019-12-05 00:00:00,2019-12-12 00:00:00,7.0,normal_event_7d,1008,1008,1.0,normal_event,,,-0.2227777777777788,-2.193611111111112,-6.040000000000001,-4.087222222222231,1.0141608796296424,-41.18080677759485,0.9664351851851832,0.0477256944444444,1.7800000000000011,1.345422453703705,-1.6677521046435997,1.2100000000000009,1.6513020833333414
normal_0066,fixed_eval,fixed_eval,manufacturer_1,normal,normal,0,66.0,19,2017-06-14 00:00:00,2017-06-21 00:00:00,7.0,normal_event_7d,1008,1008,1.0,normal_event,,,6.323611111111109,-2.7652777777777797,-2.6999999999999997,1.5006944444444483,0.8075231481481495,161.9802110971741,-2.1624016203703675,2.969924768518519,-1.3033333333333277,0.6489004629629562,0.4341952256201431,-0.25,0.9515624999999944
normal_0068,fixed_eval,fixed_eval,manufacturer_1,normal,normal,0,68.0,13,2019-12-20 00:00:00,2019-12-27 00:00:00,7.0,normal_event_7d,1008,1008,1.0,normal_event,review_required_normal,,-2.606944444444446,-2.34611111111111,3.219999999999999,2.7405555555555523,-3.1499537037036944,-221.30462024668748,-0.7847222222222214,-2.3652314814814828,-1.1999999999999955,-4.055717592592593,-3.230576095123438,-0.7899999999999991,-4.068217592592589
strict_positive_0001,fixed_eval,fixed_eval,manufacturer_1,efd_possible,strict_positive,1,1.0,10,2014-04-27 14:44:00,2014-05-04 14:44:00,7.0,report_pre_7d,1008,1008,1.0,fault_record,,Motorised control valve (primary side): Actuator defective,0.3298611111111089,3.3472222222222205,-8.6,-0.9513888888888928,-5.738657407407409,-191.7287165872544,-11.28277875357793,5.5521971766848806,15.26666666666667,-5.220196759259252,-7.200207358593338,-7.200000000000003,-2.9186342592592567
strict_positive_0003,fixed_eval,fixed_eval,manufacturer_1,efd_possible,strict_positive,1,3.0,12,2015-11-24 10:56:00,2015-12-01 10:56:00,7.0,report_pre_7d,1008,1008,1.0,fault_record,,Control unit: Incorrect parameterisation,-3.0500000000000007,0.9736111111111124,-3.3000000000000007,-5.853472222222223,-10.102893518518512,-186.29518863672757,4.814699893673591,0.9009460393407752,-2.691666666666684,-14.847048611111113,3.888187325933324,-0.2000000000000028,-14.971238425925923
strict_positive_0007,fixed_eval,fixed_eval,manufacturer_1,efd_possible,strict_positive,1,7.0,26,2020-06-06 10:38:00,2020-06-13 10:38:00,7.0,report_pre_7d,1008,1008,1.0,fault_record,,Incorrect setting of the differential pressure regulator,-4.242499999999998,3.4008333333333347,-3.400000000000002,-7.315000000000001,-4.048501157407408,-23.747000419153142,-15.972800925925924,11.92429976851852,19.28,-11.052824074074088,-2.28779540516405,-0.2700000000000031,-19.686278935185182
strict_positive_0010,fixed_eval,fixed_eval,manufacturer_1,efd_possible,strict_positive,1,10.0,30,2020-03-09 15:04:00,2020-03-16 15:04:00,7.0,report_pre_7d,1008,1008,1.0,fault_record,,Leakage,-1.1558333333333328,6.955277777777779,4.51,0.0030555555555551,-15.047453703703706,-159.68647091294469,-19.66203703703704,4.614583333333333,7.950000000000003,-18.29092592592593,-12.360345068019818,0.480000000000004,-20.157013888888887
strict_positive_0015,fixed_eval,fixed_eval,manufacturer_1,efd_possible,strict_positive,1,15.0,29,2020-02-29 07:59:43,2020-03-07 07:59:43,7.0,report_pre_7d,1008,1008,1.0,fault_record,,Failure of the domestic hot water storage charging pump,-0.5503472222222232,-0.1969444444444441,-2.3199999999999985,0.3158333333333303,5.214398148148149,-24.42538156192029,7.994212962962962,-2.7798148148148147,2.049999999999997,4.16337962962961,-3.1164819364279177,-38.61,4.762372685185184
strict_positive_0040,fixed_eval,fixed_eval,manufacturer_1,efd_possible,strict_positive,1,40.0,24,2016-03-31 07:47:00,2016-04-07 07:47:00,7.0,report_pre_7d,1003,1008,0.9950396825396826,fault_record,,"Safety relief valve: Water loss, does not close properly",-7.543055555555552,-2.369444444444444,6.9,9.403472222222227,-9.60585022959514,154.3107781466988,-9.83548822534479,0.2479874121779857,1.1500000000000057,-14.73236563833916,8.056169407633448,1.000000000000021,-20.435201219117843
strict_positive_0044,fixed_eval,fixed_eval,manufacturer_1,efd_possible,strict_positive,1,44.0,8,2018-04-20 08:15:00,2018-04-27 08:15:00,7.0,report_pre_7d,1008,1008,1.0,fault_record,,Temperature monitor/controller defective,-0.9430555555555564,-0.6694444444444443,2.1499999999999986,0.9236111111111072,0.115914351851849,-49.16085924840438,-6.276477228111503,6.37257557911268,12.783333333333324,-3.3907986111111086,-2.509171087523057,-5.150000000000006,-3.0551504629629638
strict_positive_0047,fixed_eval,fixed_eval,manufacturer_1,efd_possible,strict_positive,1,47.0,28,2020-01-06 10:55:00,2020-01-13 10:55:00,7.0,report_pre_7d,1008,1008,1.0,fault_record,,Failure of the heating circuit pump,6.900416666666666,0.9547222222222196,4.58,-2.161111111111097,-8.37803240740741,-663.0067000713245,-9.110798611111116,0.7327662037037037,2.6099999999999994,2.1045138888888744,-1.9399443812470896,1.519999999999996,1.7390046296296475
strict_positive_0049,fixed_eval,fixed_eval,manufacturer_1,efd_possible,strict_positive,1,49.0,18,2019-04-27 07:19:00,2019-05-04 07:19:00,7.0,report_pre_7d,1005,1008,0.9970238095238096,fault_record,,Control unit: Incorrect parameterisation,-1.711881642512079,-1.202222222222221,2.74,-4.003635265700481,-3.464807796493304,-434.27405097424025,-4.114066193853432,0.6492583973601264,12.310000000000002,-3.7429095005910185,-2.763557559370031,2.8400000000000034,-3.769690922970838
strict_positive_0052,fixed_eval,fixed_eval,manufacturer_1,efd_possible,strict_positive,1,52.0,21,2016-12-05 15:55:00,2016-12-12 15:55:00,7.0,report_pre_7d,1008,1008,1.0,fault_record,,Control unit: Incorrect parameterisation,-0.976388888888888,0.5638888888888891,-0.6500000000000004,0.6638888888888843,2.169444444444437,-167.25609321531442,1.2109657143319057,0.9176415162980204,1.6700000000000017,4.983969907407406,-5.849915085931441,-0.2000000000000028,5.083680555555553
strict_positive_0053,fixed_eval,fixed_eval,manufacturer_1,efd_possible,strict_positive,1,53.0,13,2020-05-19 10:00:00,2020-05-26 10:00:00,7.0,report_pre_7d,1008,1008,1.0,fault_record,,Shut-off valve closed,-2.024861111111118,2.5227777777777813,2.93,-0.1476388888888919,-0.0065567129629684,-1.6029796193946595,-4.682870370370374,4.676313657407405,-12.270000000000003,-0.0072164351851924,0.1004659783908876,-0.509999999999998,-0.0171874999999914
strict_positive_0057,fixed_eval,fixed_eval,manufacturer_1,efd_possible,strict_positive,1,57.0,9,2020-02-17 21:13:00,2020-02-24 21:13:00,7.0,report_pre_7d,1008,1008,1.0,fault_record,,Differential pressure regulator defective,0.9779629629629628,-0.7179861111111112,-3.3000000000000003,-12.047407407407412,1.467030478395067,38.87214835007245,1.2926697530864146,0.1743607253086421,2.580000000000002,1.7125038580246963,3.1286060451258706,-34.42999999999999,-0.0206359953703767
strict_positive_0064,fixed_eval,fixed_eval,manufacturer_1,efd_possible,strict_positive,1,64.0,6,2019-04-09 09:41:00,2019-04-16 09:41:00,7.0,report_pre_7d,1008,1008,1.0,fault_record,,Differential pressure regulator defective,-1.2113657407407388,0.3193055555555517,5.493333333333332,-1.166180555555556,-2.362577160493828,-133.12607534355362,-2.277199074074062,-0.0853780864197529,1.3000000000000045,-4.7165461033950535,-1.906790535313041,1.29999999999999,-4.305571952160484
strict_positive_0067,fixed_eval,fixed_eval,manufacturer_1,efd_possible,strict_positive,1,67.0,7,2017-11-19 13:15:00,2017-11-26 13:15:00,7.0,report_pre_7d,1008,1008,1.0,fault_record,,Motorised control valve (primary side) defective,1.0763888888888888,3.1388888888888884,-5.1,-0.6416666666666657,-0.0525462962962919,-0.8743519202022583,-1.434606481481481,1.3820601851851857,3.13333333333334,2.596585648148149,-0.9486126067140944,0.7499999999999929,2.686342592592588
weak_positive_0005,expansion_candidate,weak_positive,manufacturer_1,efd_possible,weak_positive,1,5.0,11,2018-11-16 08:30:00,2018-11-23 08:30:00,7.0,report_pre_7d,1008,1008,1.0,fault_record,,Failure of the heating circuit pump,-4.0173611111111125,0.18472222222222312,-3.200000000000001,2.055555555555557,-1.9790509259259252,-13.912062946146072,-2.8345702367093537,0.8764357780364751,20.066666666666666,-0.1232060185185162,-1.1352026827557062,-9.099999999999994,0.0
weak_positive_0006,expansion_candidate,weak_positive,manufacturer_1,efd_possible,weak_positive,1,6.0,21,2016-11-29 13:12:00,2016-12-06 13:12:00,7.0,report_pre_7d,1008,1008,1.0,fault_record,,Control unit: Incorrect parameterisation,0.7951388888888884,1.5069444444444429,-0.4499999999999993,-2.03680555555556,0.5682870370370381,106.6097797430482,-0.44796535062160103,1.043712080743331,-0.8399999999999963,2.3420717592592624,-0.43006246236098367,1.4000000000000057,2.341377314814814
weak_positive_0013,expansion_candidate,weak_positive,manufacturer_1,efd_possible,weak_positive,1,13.0,24,2016-01-05 12:39:00,2016-01-12 12:39:00,7.0,report_pre_7d,1008,1008,1.0,fault_record,,Failure of the heating circuit pump,-0.010416666666666963,0.3125000000000009,-2.3999999999999995,0.5479166666666728,-0.6515624999999972,-25.38575311710987,0.5659722222222214,-1.2175347222222217,-11.366666666666667,2.6534722222222342,-0.6220654072183089,0.7999999999999972,2.8548611111111057
weak_positive_0023,expansion_candidate,weak_positive,manufacturer_1,efd_possible,weak_positive,1,23.0,27,2020-01-13 12:57:00,2020-01-20 12:57:00,7.0,report_pre_7d,1008,1008,1.0,fault_record,,Control unit: Incorrect parameterisation,-1.9481944444444443,1.9880555555555557,-12.54,0.47222222222222854,4.121799768518521,-12.975648848470826,3.214699074074076,0.9071006944444444,4.639999999999997,7.316614583333326,-1.5734855591966417,-1.4299999999999997,6.922783564814793
weak_positive_0024,expansion_candidate,weak_positive,manufacturer_1,efd_possible,weak_positive,1,24.0,13,2016-07-13 15:17:00,2016-07-20 15:17:00,7.0,report_pre_7d,1008,1008,1.0,fault_record,,Failure of the heating circuit pump,-1.8513888888888843,-0.34166666666666146,-1.1499999999999986,-0.28263888888888644,-5.507581018518522,37.76288394471533,-0.6463488531171393,-3.615084932689662,-3.509999999999998,1.8487847222222271,-3.187680648637705,-4.399999999999999,-8.588888888888889
weak_positive_0029,expansion_candidate,weak_positive,manufacturer_1,efd_possible,weak_positive,1,29.0,17,2019-01-02 14:18:00,2019-01-09 14:18:00,7.0,report_pre_7d,1008,1008,1.0,fault_record,,Motorised control valve (primary side): Control valve jams when closed,1.260416666666666,-0.06388888888889,4.25,0.1486111111111157,-2.078877314814811,,,,0.829722222222216,-2.6434606481481353,-0.770044208822422,2.0500000000000185,-2.9256944444444457
weak_positive_0032,expansion_candidate,weak_positive,manufacturer_1,efd_possible,weak_positive,1,32.0,21,2019-10-12 10:38:00,2019-10-19 10:38:00,7.0,report_pre_7d,1008,1008,1.0,fault_record,,Control unit: Incorrect parameterisation,-2.8237500000000004,0.36499999999999666,0.03999999999999915,0.4138888888888914,1.2325115740740813,9.538035069198457,-0.5447222222222194,1.7772337962962954,2.240000000000002,2.826053240740734,0.19861518705085812,1.4399999999999977,2.7865972222222197
weak_positive_0037,expansion_candidate,weak_positive,manufacturer_1,efd_possible,weak_positive,1,37.0,19,2018-11-14 09:15:00,2018-11-21 09:15:00,7.0,report_pre_7d,1008,1008,1.0,fault_record,,Control unit: Incorrect parameterisation,-3.282638888888888,-1.3694444444444454,-1.1499999999999986,1.4638888888888886,-2.2722222222222257,-195.87688498222747,-1.1004321349485338,-1.1153471408102127,-0.9566666666666634,-3.051909722222227,-0.9496657081844071,0.8499999999999943,-3.032523148148144
weak_positive_0038,expansion_candidate,weak_positive,manufacturer_1,efd_possible,weak_positive,1,38.0,24,2016-10-17 13:55:00,2016-10-24 13:55:00,7.0,report_pre_7d,1008,1008,1.0,fault_record,,Incorrect setting of the differential pressure regulator,-0.43958333333333144,2.804166666666667,0.6000000000000014,-0.91180555555556,0.25491898148148806,-28.85843533230918,0.4120370370370381,-0.15711805555555503,-1.1666666666666643,-1.4641203703703738,-1.6775131480191603,-2.799999999999997,-1.6174768518518476
weak_positive_0045,expansion_candidate,weak_positive,manufacturer_1,efd_possible,weak_positive,1,45.0,31,2020-01-06 15:48:00,2020-01-13 15:48:00,7.0,report_pre_7d,1008,1008,1.0,fault_record,,"Heat exchanger: Leakage, external",4.079444444444443,1.6455555555555552,4.23,-3.0406944444444406,-0.706064814814809,46.68606259230977,-0.8472222222222214,0.14115740740740762,4.930000000000003,-0.6858796296296248,1.5857182782569597,-4.1399999999999935,-0.15582175925925412
weak_positive_0062,expansion_candidate,weak_positive,manufacturer_1,efd_possible,weak_positive,1,62.0,21,2019-01-14 08:17:00,2019-01-21 08:17:00,7.0,report_pre_7d,1008,1008,1.0,fault_record,,Control unit: Incorrect parameterisation,-1.2166666666666668,-0.3347222222222217,6.1,-3.2749999999999915,-2.8250578703703653,-77.3268266031177,-2.5490316358024714,-0.2760262345679021,-1.00833333333334,-6.087557870370368,-2.585350427171647,0.5,-6.0438078703703795
weak_positive_0065,expansion_candidate,weak_positive,manufacturer_1,efd_possible,weak_positive,1,65.0,11,2019-01-07 11:58:00,2019-01-14 11:58:00,7.0,report_pre_7d,1008,1008,1.0,fault_record,,Leakage,-1.730555555555556,-1.913888888888889,-11.3,-5.351388888888884,0.32019675925926094,-2.094256718325127,-2.9059997892962457,3.476128142997611,1.8666666666666671,3.8037615740740662,-0.3211588866936099,-2.500000000000007,3.818692129629632
candidate_normal_s01_20180611,expansion_candidate,candidate_normal,manufacturer_1,candidate_normal,candidate_normal,0,,1,2018-06-11 00:00:00,2018-06-18 00:00:00,7.0,candidate_normal_7d,1008,1008,1.0,candidate_normal_window,,,5.104166666666664,-3.244444444444447,4.300000000000001,-0.44305555555555287,-0.7911458333333385,,,,,-1.3256365740740748,-4.149579519682329,3.600000000000005,-2.592476851851851
candidate_normal_s01_20180711,expansion_candidate,candidate_normal,manufacturer_1,candidate_normal,candidate_normal,0,,1,2018-07-11 00:00:00,2018-07-18 00:00:00,7.0,candidate_normal_7d,1008,1008,1.0,candidate_normal_window,,,7.052083333333332,-1.9152777777777814,7.199999999999999,-0.4402777777777729,-1.4236111111111143,67.12825173155915,0.613962985938791,-2.040226082161567,4.449999999999996,-2.451041666666665,-4.095596392487361,8.649999999999999,-4.841203703703705
candidate_normal_s02_20150216,expansion_candidate,candidate_normal,manufacturer_1,candidate_normal,candidate_normal,0,,2,2015-02-16 00:00:00,2015-02-23 00:00:00,7.0,candidate_normal_7d,1008,1008,1.0,candidate_normal_window,,,2.566666666666663,0.3611111111111107,0.05000000000000071,5.400694444444433,-7.102835648148151,,,,,-5.374768518518515,-0.14855238263530612,-0.9000000000000057,-5.369097222222223
candidate_normal_s02_20150318,expansion_candidate,candidate_normal,manufacturer_1,candidate_normal,candidate_normal,0,,2,2015-03-18 00:00:00,2015-03-25 00:00:00,7.0,candidate_normal_7d,1008,1008,1.0,candidate_normal_window,,,2.814583333333333,-1.863888888888889,1.5500000000000007,0.61944444444444,-2.6475115740740804,-21.837451092807598,-3.0688657407407405,0.4213541666666665,0.28333333333333854,-2.9100115740740833,-1.9323687077752334,0.3499999999999943,-3.0943287037037024
candidate_normal_s03_20151110,expansion_candidate,candidate_normal,manufacturer_1,candidate_normal,candidate_normal,0,,3,2015-11-10 00:00:00,2015-11-17 00:00:00,7.0,candidate_normal_7d,1000,1008,0.9920634920634921,candidate_normal_window,,,-0.33263888888888893,-1.1222222222222236,-6.5,7.313194444444434,2.17774338006231,,,,,-0.6881165628245114,-2.0146067166434154,-11.450000000000003,-0.6197559709241958
candidate_normal_s03_20151210,expansion_candidate,candidate_normal,manufacturer_1,candidate_normal,candidate_normal,0,,3,2015-12-10 00:00:00,2015-12-17 00:00:00,7.0,candidate_normal_7d,1008,1008,1.0,candidate_normal_window,,,-0.11527777777777892,-0.42777777777777626,-0.40000000000000036,-3.4625000000000057,-1.0179976851851862,,,,,-0.45277777777778283,1.1695024567468613,-0.20000000000000284,-0.43177083333335986
candidate_normal_s04_20150217,expansion_candidate,candidate_normal,manufacturer_1,candidate_normal,candidate_normal,0,,4,2015-02-17 00:00:00,2015-02-24 00:00:00,7.0,candidate_normal_7d,1008,1008,1.0,candidate_normal_window,,,-0.05138888888888715,-3.604166666666665,3.6500000000000004,7.125,-6.929976851851855,,,,,3.2069444444444457,5.919935583309465,-0.20000000000000284,3.1289351851851706
candidate_normal_s04_20150319,expansion_candidate,candidate_normal,manufacturer_1,candidate_normal,candidate_normal,0,,4,2015-03-19 00:00:00,2015-03-26 00:00:00,7.0,candidate_normal_7d,1008,1008,1.0,candidate_normal_window,,,6.168055555555551,-2.2541666666666647,1.8500000000000014,0.65902777777778,-2.295254629629625,-166.56853466492083,0.3686342592592595,-2.6638888888888888,-2.700000000000003,-5.425405092592591,-2.93407154874107,-0.7999999999999972,-5.2751157407407305
candidate_normal_s05_20150214,expansion_candidate,candidate_normal,manufacturer_1,candidate_normal,candidate_normal,0,,5,2015-02-14 00:00:00,2015-02-21 00:00:00,7.0,candidate_normal_7d,1008,1008,1.0,candidate_normal_window,,,1.167361111111111,-0.04861111111110983,0.9500000000000002,-4.7520833333333385,0.1019675925925867,,,,,-0.6293402777777857,-2.1644533850491294,2.799999999999997,-0.6170717592592538
candidate_normal_s05_20150316,expansion_candidate,candidate_normal,manufacturer_1,candidate_normal,candidate_normal,0,,5,2015-03-16 00:00:00,2015-03-23 00:00:00,7.0,candidate_normal_7d,1008,1008,1.0,candidate_normal_window,,,,,,,,8.746256188886946,-0.7482638888888928,,,,,,
candidate_normal_s06_20190314,expansion_candidate,candidate_normal,manufacturer_1,candidate_normal,candidate_normal,0,,6,2019-03-14 00:00:00,2019-03-21 00:00:00,7.0,candidate_normal_7d,1008,1008,1.0,candidate_normal_window,,,2.804583333333335,-0.05527777777777665,5.45,-0.5565277777777737,2.5854996141975306,-26.67040713446866,2.669753086419753,-0.08425347222222185,-0.25,-3.0223611111111097,-0.43802532986014064,-0.490000000000002,-3.0306963734567915
candidate_normal_s06_20190513,expansion_candidate,candidate_normal,manufacturer_1,candidate_normal,candidate_normal,0,,6,2019-05-13 00:00:00,2019-05-20 00:00:00,7.0,candidate_normal_7d,1008,1008,1.0,candidate_normal_window,,,3.179027777777776,-1.4798611111111093,3.8900000000000006,-1.4413888888888806,-3.056109760802471,5.521826692857005,-2.927565586419746,-0.12854417438271593,-0.5,-2.995000385802477,0.57718215551321,-11.420000000000002,-2.1219095293209804
candidate_normal_s07_20150217,expansion_candidate,candidate_normal,manufacturer_1,candidate_normal,candidate_normal,0,,7,2015-02-17 00:00:00,2015-02-24 00:00:00,7.0,candidate_normal_7d,1008,1008,1.0,candidate_normal_window,,,-0.063194444444445,-3.7847222222222214,3.6,1.4194444444444514,-0.04172453703704093,,,,,-4.035300925925917,-1.8883947036126107,-0.5500000000000043,-3.839351851851852
candidate_normal_s07_20150418,expansion_candidate,candidate_normal,manufacturer_1,candidate_normal,candidate_normal,0,,7,2015-04-18 00:00:00,2015-04-25 00:00:00,7.0,candidate_normal_7d,1008,1008,1.0,candidate_normal_window,,,7.011111111111111,-1.5250000000000021,1.25,-0.94305555555556,1.1461226851851904,-13.123638876267535,-0.2472697046088399,1.3262120920260294,0.3166666666666629,-0.11082175925925242,-1.1580589998371509,1.25,-0.27714120370370665
candidate_normal_s08_20150914,expansion_candidate,candidate_normal,manufacturer_1,candidate_normal,candidate_normal,0,,8,2015-09-14 00:00:00,2015-09-21 00:00:00,7.0,candidate_normal_7d,1008,1008,1.0,candidate_normal_window,,,3.5854166666666636,-0.9763888888888843,2.5500000000000007,-4.015277777777776,-1.4546875000000057,,,,,1.6638888888888914,3.551709822508357,0.5,-5.428125000000001
candidate_normal_s08_20151014,expansion_candidate,candidate_normal,manufacturer_1,candidate_normal,candidate_normal,0,,8,2015-10-14 00:00:00,2015-10-21 00:00:00,7.0,candidate_normal_7d,1008,1008,1.0,candidate_normal_window,,,1.863888888888889,-0.81111111111111,-1.700000000000001,-0.5826388888888943,-0.49785879629629903,-27.45961305381615,-0.923396000084928,0.3714745971423099,8.716666666666665,2.3400462962963005,-1.2690266954083342,-0.25,2.543576388888887
candidate_normal_s09_20150216,expansion_candidate,candidate_normal,manufacturer_1,candidate_normal,candidate_normal,0,,9,2015-02-16 00:00:00,2015-02-23 00:00:00,7.0,candidate_normal_7d,1008,1008,1.0,candidate_normal_window,,,2.5576388888888886,-1.1000000000000014,-1.6500000000000004,-0.8069444444444471,-6.447685185185186,,,,,-11.003703703703707,-1.0891963494043289,-1.75,-11.283506944444447
candidate_normal_s09_20150318,expansion_candidate,candidate_normal,manufacturer_1,candidate_normal,candidate_normal,0,,9,2015-03-18 00:00:00,2015-03-25 00:00:00,7.0,candidate_normal_7d,1008,1008,1.0,candidate_normal_window,,,1.679166666666669,-1.404166666666665,-1.25,-4.291666666666664,-3.7922453703703667,141.50716598349936,0.9328703703703667,-4.725115740740741,0.6500000000000057,-2.837962962962962,-0.9353060558893844,0.9500000000000028,-2.7625578703703724
candidate_normal_s10_20120329,expansion_candidate,candidate_normal,manufacturer_1,candidate_normal,candidate_normal,0,,10,2012-03-29 00:00:00,2012-04-05 00:00:00,7.0,candidate_normal_7d,1003,1008,0.9950396825396826,candidate_normal_window,,,2.3048611111111104,-2.4069444444444414,5.950000000000001,0.55972222222222,-4.390348111499158,-127.86843299185752,-1.5816963193400682,-2.6205984130867908,-10.399999999999999,-8.174476135040734,-1.8421769360510094,0.6499999999999986,-8.013582492562414
candidate_normal_s10_20120428,expansion_candidate,candidate_normal,manufacturer_1,candidate_normal,candidate_normal,0,,10,2012-04-28 00:00:00,2012-05-05 00:00:00,7.0,candidate_normal_7d,1008,1008,1.0,candidate_normal_window,,,7.156250000000001,-5.755555555555553,-3.0,-5.545833333333334,-0.37991898148148806,-15.829375570002867,-0.049957153020308454,-0.3305579808562924,0.6833333333333442,-1.1771990740740748,0.8567542639568417,1.8999999999999986,-1.4064814814814852
candidate_normal_s11_20131206,expansion_candidate,candidate_normal,manufacturer_1,candidate_normal,candidate_normal,0,,11,2013-12-06 00:00:00,2013-12-13 00:00:00,7.0,candidate_normal_7d,1008,1008,1.0,candidate_normal_window,,,4.534027777777777,1.708333333333334,5.15,1.9222222222222172,-1.064120370370368,,,,,-0.47563657407406623,-2.9584279035000165,1.1499999999999986,-0.2984953703703681
candidate_normal_s11_20140105,expansion_candidate,candidate_normal,manufacturer_1,candidate_normal,candidate_normal,0,,11,2014-01-05 00:00:00,2014-01-12 00:00:00,7.0,candidate_normal_7d,1008,1008,1.0,candidate_normal_window,,,0.7347222222222225,-0.3055555555555527,-0.10000000000000053,1.7298611111110986,0.16846064814813388,,,,,1.6230324074074218,-4.310949033041306,2.0999999999999943,1.7109953703703624
candidate_normal_s12_20131201,expansion_candidate,candidate_normal,manufacturer_1,candidate_normal,candidate_normal,0,,12,2013-12-01 00:00:00,2013-12-08 00:00:00,7.0,candidate_normal_7d,1008,1008,1.0,candidate_normal_window,,,1.8034722222222248,-1.5152777777777757,5.000000000000001,1.0076388888888914,-6.096759259259251,,,,,-7.843981481481485,-1.6471606891059802,-0.6000000000000014,-8.079340277777781
candidate_normal_s12_20131231,expansion_candidate,candidate_normal,manufacturer_1,candidate_normal,candidate_normal,0,,12,2013-12-31 00:00:00,2014-01-07 00:00:00,7.0,candidate_normal_7d,1008,1008,1.0,candidate_normal_window,,,1.2993055555555557,0.23055555555555607,4.75,-2.7562500000000085,-8.041956018518533,,,,,-15.263194444444451,0.2937617243159911,1.0999999999999943,-15.360011574074079
candidate_normal_s13_20150309,expansion_candidate,candidate_normal,manufacturer_1,candidate_normal,candidate_normal,0,,13,2015-03-09 00:00:00,2015-03-16 00:00:00,7.0,candidate_normal_7d,1008,1008,1.0,candidate_normal_window,,,3.156249999999999,-0.33333333333333925,1.9000000000000004,0.029166666666661456,-0.9426504629629662,,,,,-0.8921874999999915,-0.04657849978870754,-1.0500000000000043,-0.48142361111111853
candidate_normal_s13_20150408,expansion_candidate,candidate_normal,manufacturer_1,candidate_normal,candidate_normal,0,,13,2015-04-08 00:00:00,2015-04-15 00:00:00,7.0,candidate_normal_7d,1008,1008,1.0,candidate_normal_window,,,3.170138888888891,-2.362500000000008,10.45,0.9909722222222186,-7.290972222222216,-531.324913261508,-2.246232861208121,-5.0165561537964045,-10.666666666666657,-10.106770833333336,-4.669216219286801,-17.299999999999997,-9.976793981481485
candidate_normal_s14_20140307,expansion_candidate,candidate_normal,manufacturer_1,candidate_normal,candidate_normal,0,,14,2014-03-07 00:00:00,2014-03-14 00:00:00,7.0,candidate_normal_7d,1008,1008,1.0,candidate_normal_window,,,-0.8388888888888886,-0.6180555555555562,1.5500000000000003,2.3798611111111043,0.6921875000000028,,,,,0.7929976851851848,0.4743937443937849,0.8499999999999943,0.34924768518516913
candidate_normal_s14_20150401,expansion_candidate,candidate_normal,manufacturer_1,candidate_normal,candidate_normal,0,,14,2015-04-01 00:00:00,2015-04-08 00:00:00,7.0,candidate_normal_7d,1003,1008,0.9950396825396826,candidate_normal_window,,,3.0034722222222214,-3.0013888888888887,-1.0499999999999998,1.8812500000000085,4.862647539128183,186.6732091130766,4.042768348803413,0.7057155968091304,4.223333333333329,6.674928857845032,0.37969359865583385,0.9499999999999957,6.626889713491138
candidate_normal_s15_20140124,expansion_candidate,candidate_normal,manufacturer_1,candidate_normal,candidate_normal,0,,15,2014-01-24 00:00:00,2014-01-31 00:00:00,7.0,candidate_normal_7d,1008,1008,1.0,candidate_normal_window,,,2.16875,-0.2319444444444444,-3.9000000000000004,0.34722222222222143,1.0077546296296376,,,,,0.7697337962962933,-1.4213578421860438,8.000000000000007,1.1504050925926066
candidate_normal_s15_20140223,expansion_candidate,candidate_normal,manufacturer_1,candidate_normal,candidate_normal,0,,15,2014-02-23 00:00:00,2014-03-02 00:00:00,7.0,candidate_normal_7d,1008,1008,1.0,candidate_normal_window,,,5.127777777777778,-4.0444444444444425,-3.8499999999999996,-2.1499999999999986,4.365856481481487,,,,,2.5918402777777914,0.9294850729163957,0.9500000000000028,2.6404513888888914
candidate_normal_s16_20160423,expansion_candidate,candidate_normal,manufacturer_1,candidate_normal,candidate_normal,0,,16,2016-04-23 00:00:00,2016-04-30 00:00:00,7.0,candidate_normal_7d,1008,1008,1.0,candidate_normal_window,,,4.595833333333334,-3.122222222222222,1.5,0.07083333333333997,0.12355324074074758,,,,,0.43877314814814383,0.04850934066844559,-2.75,0.4868055555555486
candidate_normal_s16_20160523,expansion_candidate,candidate_normal,manufacturer_1,candidate_normal,candidate_normal,0,,16,2016-05-23 00:00:00,2016-05-30 00:00:00,7.0,candidate_normal_7d,1008,1008,1.0,candidate_normal_window,,,2.8618055555555593,-1.9013888888888886,-2.0999999999999996,0.1562499999999929,-0.18136574074074474,92.42823384402715,-0.3917336453886975,0.23060191922131654,5.3033333333333275,-0.7971643518518619,-0.0494889188882377,3.1000000000000014,-1.054340277777797
candidate_normal_s17_20141225,expansion_candidate,candidate_normal,manufacturer_1,candidate_normal,candidate_normal,0,,17,2014-12-25 00:00:00,2015-01-01 00:00:00,7.0,candidate_normal_7d,1008,1008,1.0,candidate_normal_window,,,-0.5444444444444434,-0.5625,1.25,-0.09097222222222712,-0.03923611111111569,,,,,0.016608796296303296,-0.1069207240581127,0.25,0.007291666666660035
candidate_normal_s17_20150124,expansion_candidate,candidate_normal,manufacturer_1,candidate_normal,candidate_normal,0,,17,2015-01-24 00:00:00,2015-01-31 00:00:00,7.0,candidate_normal_7d,1008,1008,1.0,candidate_normal_window,,,1.1118055555555553,-0.1305555555555551,-7.199999999999999,-0.7437500000000057,0.28275462962962195,,,,,1.888831018518509,-0.022367763397812546,0.6000000000000085,1.865914351851849
candidate_normal_s18_20131218,expansion_candidate,candidate_normal,manufacturer_1,candidate_normal,candidate_normal,0,,18,2013-12-18 00:00:00,2013-12-25 00:00:00,7.0,candidate_normal_7d,1008,1008,1.0,candidate_normal_window,,,-1.5381944444444446,-2.1374999999999993,-1.4499999999999993,1.7256944444444429,0.8920138888888758,,,,,-0.40636574074073906,-0.5436584762702532,6.300000000000004,0.3603587962963104
candidate_normal_s18_20140117,expansion_candidate,candidate_normal,manufacturer_1,candidate_normal,candidate_normal,0,,18,2014-01-17 00:00:00,2014-01-24 00:00:00,7.0,candidate_normal_7d,1008,1008,1.0,candidate_normal_window,,,-1.5743055555555547,-3.1111111111111107,-0.4999999999999998,-1.91319444444445,1.7026041666666742,,,,,1.486747685185179,-0.9692523345667858,4.199999999999989,1.2654513888888772
candidate_normal_s19_20160223,expansion_candidate,candidate_normal,manufacturer_1,candidate_normal,candidate_normal,0,,19,2016-02-23 00:00:00,2016-03-01 00:00:00,7.0,candidate_normal_7d,961,1008,0.9533730158730159,candidate_normal_window,,,,,,0.7493055555555515,-1.8966999014007797,-53.039520356707044,-3.0513134519923923,1.1546135505915953,-0.2699999999999889,0.10188060995510284,-0.024805458709556305,0.3499999999999943,0.06973684210528575
candidate_normal_s19_20160324,expansion_candidate,candidate_normal,manufacturer_1,candidate_normal,candidate_normal,0,,19,2016-03-24 00:00:00,2016-03-31 00:00:00,7.0,candidate_normal_7d,1008,1008,1.0,candidate_normal_window,,,,,92.61275245239467,0.39791666666666714,-0.8269675925925952,-236.27833266207176,-0.4870428240740736,-0.33992476851851805,-0.4783333333333317,-1.814120370370368,-3.2476661422907873,0.3500000000000085,-1.7951388888888857
candidate_normal_s20_20150911,expansion_candidate,candidate_normal,manufacturer_1,candidate_normal,candidate_normal,0,,20,2015-09-11 00:00:00,2015-09-18 00:00:00,7.0,candidate_normal_7d,1008,1008,1.0,candidate_normal_window,,,3.87638888888889,-0.06805555555555642,-0.25,-3.2166666666666686,-5.500057870370373,,,,,4.897280092592588,-1.9515793250298792,17.5,2.9954861111111057
candidate_normal_s20_20151011,expansion_candidate,candidate_normal,manufacturer_1,candidate_normal,candidate_normal,0,,20,2015-10-11 00:00:00,2015-10-18 00:00:00,7.0,candidate_normal_7d,1008,1008,1.0,candidate_normal_window,,,-0.06944444444444464,-1.8194444444444446,-4.9,2.1472222222222186,2.599305555555553,9.402262138493313,0.45675232020436596,2.1640996071012815,-2.788333333333327,3.9581018518518576,1.291582349928893,-5.6499999999999915,4.277893518518518
candidate_normal_s21_20150224,expansion_candidate,candidate_normal,manufacturer_1,candidate_normal,candidate_normal,0,,21,2015-02-24 00:00:00,2015-03-03 00:00:00,7.0,candidate_normal_7d,1008,1008,1.0,candidate_normal_window,,,1.908333333333335,1.116666666666668,1.0999999999999996,1.67777777777777,1.6762152777777857,,,,,2.4637731481481424,-1.009286227827916,0.29999999999999716,2.28211805555555
candidate_normal_s21_20150326,expansion_candidate,candidate_normal,manufacturer_1,candidate_normal,candidate_normal,0,,21,2015-03-26 00:00:00,2015-04-02 00:00:00,7.0,candidate_normal_7d,1008,1008,1.0,candidate_normal_window,,,4.402777777777779,-2.113888888888889,-9.299999999999999,-3.292361111111113,1.6431712962962948,,,,,1.6261574074074119,-1.962120331761306,-0.7999999999999972,1.630034722222213
candidate_normal_s22_20180611,expansion_candidate,candidate_normal,manufacturer_1,candidate_normal,candidate_normal,0,,22,2018-06-11 00:00:00,2018-06-18 00:00:00,7.0,candidate_normal_7d,1008,1008,1.0,candidate_normal_window,,,4.940972222222225,-3.743055555555557,4.450000000000003,-0.12986111111110432,0.7021412037037074,,,,,2.5465856481481524,-1.4123675874013264,5.649999999999999,-0.9440972222222239
candidate_normal_s22_20180711,expansion_candidate,candidate_normal,manufacturer_1,candidate_normal,candidate_normal,0,,22,2018-07-11 00:00:00,2018-07-18 00:00:00,7.0,candidate_normal_7d,1008,1008,1.0,candidate_normal_window,,,7.591666666666665,-2.6611111111111043,9.099999999999998,0.9541666666666657,0.9232638888888829,126.76355196643973,-1.9623742816091934,2.875559626436786,3.2166666666666686,5.3023148148148,-4.527214339546494,22.75,-2.266840277777776
candidate_normal_s23_20160506,expansion_candidate,candidate_normal,manufacturer_1,candidate_normal,candidate_normal,0,,23,2016-05-06 00:00:00,2016-05-13 00:00:00,7.0,candidate_normal_7d,1008,1008,1.0,candidate_normal_window,,,5.015277777777779,-1.320833333333331,-0.7000000000000002,-4.318055555555567,-0.5667245370370324,,,,,3.1531828703703795,-0.47624275003784966,0.8000000000000043,3.315509259259265
candidate_normal_s23_20160605,expansion_candidate,candidate_normal,manufacturer_1,candidate_normal,candidate_normal,0,,23,2016-06-05 00:00:00,2016-06-12 00:00:00,7.0,candidate_normal_7d,1008,1008,1.0,candidate_normal_window,,,1.5819444444444422,-1.2819444444444414,7.75,0.8798611111111114,-0.9608217592592609,-213.34437563835934,2.3945950556202362,-3.371102380028457,16.811666666666675,-5.175578703703714,-3.4048939788330514,2.8000000000000043,5.768113425925932
candidate_normal_s24_20151125,expansion_candidate,candidate_normal,manufacturer_1,candidate_normal,candidate_normal,0,,24,2015-11-25 00:00:00,2015-12-02 00:00:00,7.0,candidate_normal_7d,1008,1008,1.0,candidate_normal_window,,,2.061805555555556,-4.093055555555555,-8.2,-1.8999999999999986,2.9422453703703724,,,,,6.130613425925915,-3.7985427219740413,0.4000000000000128,6.005787037037038
candidate_normal_s24_20151225,expansion_candidate,candidate_normal,manufacturer_1,candidate_normal,candidate_normal,0,,24,2015-12-25 00:00:00,2016-01-01 00:00:00,7.0,candidate_normal_7d,1008,1008,1.0,candidate_normal_window,,,-2.461111111111112,0.05416666666666625,-3.75,3.4027777777777786,0.9844328703703624,-35.32657266362885,0.7499344863731636,0.2183831236897278,-0.5333333333333314,1.9216435185185219,-0.4146068976386461,-0.04999999999998295,2.144270833333337
candidate_normal_s25_20170726,expansion_candidate,candidate_normal,manufacturer_1,candidate_normal,candidate_normal,0,,25,2017-07-26 00:00:00,2017-08-02 00:00:00,7.0,candidate_normal_7d,1008,1008,1.0,candidate_normal_window,,,-0.05555555555555358,-2.913888888888888,-8.2,-0.125,-3.214293981481479,,,,,-4.6881365740740755,-7.185513883373559,-0.5,-1.666666666666666
candidate_normal_s25_20170825,expansion_candidate,candidate_normal,manufacturer_1,candidate_normal,candidate_normal,0,,25,2017-08-25 00:00:00,2017-09-01 00:00:00,7.0,candidate_normal_7d,1008,1008,1.0,candidate_normal_window,,,5.298611111111111,-2.3722222222222165,2.3000000000000007,-0.21527777777777501,-0.5238425925925903,,,,,-0.6243634259259245,-1.7461333505903145,0.05000000000000071,0.0
candidate_normal_s26_20181118,expansion_candidate,candidate_normal,manufacturer_1,candidate_normal,candidate_normal,0,,26,2018-11-18 00:00:00,2018-11-25 00:00:00,7.0,candidate_normal_7d,1008,1008,1.0,candidate_normal_window,,,1.2841666666666658,-0.8836111111111107,-0.3700000000000001,2.9976388888888863,1.9633969907407405,33.04435067791621,-1.518518518518519,3.4819155092592613,2.9400000000000013,0.6421354166666688,0.108490530260418,-7.769999999999996,1.0163831018518579
candidate_normal_s26_20181218,expansion_candidate,candidate_normal,manufacturer_1,candidate_normal,candidate_normal,0,,26,2018-12-18 00:00:00,2018-12-25 00:00:00,7.0,candidate_normal_7d,1008,1008,1.0,candidate_normal_window,,,0.395416666666665,-0.28277777777777846,0.9299999999999997,2.7296527777777833,1.965081018518518,20.145695996020294,-0.34606481481481666,2.3111458333333337,22.95,0.42355324074073764,-0.184119469549056,-6.100000000000001,1.1003993055555554
candidate_normal_s27_20191222,expansion_candidate,candidate_normal,manufacturer_1,candidate_normal,candidate_normal,0,,27,2019-12-22 00:00:00,2019-12-29 00:00:00,7.0,candidate_normal_7d,1008,1008,1.0,candidate_normal_window,,,1.877777777777779,0.17569444444444038,3.5600000000000005,-0.9153472222222234,0.6970910493827134,-35.68095217169418,0.8871527777777786,-0.19006172839506252,-7.779999999999998,2.0086400462963,-1.1199447247141903,3.4599999999999937,2.124619984567893
candidate_normal_s27_20200121,expansion_candidate,candidate_normal,manufacturer_1,candidate_normal,candidate_normal,0,,27,2020-01-21 00:00:00,2020-01-28 00:00:00,7.0,candidate_normal_7d,1008,1008,1.0,candidate_normal_window,,,0.3963888888888889,0.4033333333333333,3.48,4.528055555555561,2.5597337962962925,7.525980983050744,1.7586805555555571,0.8010532407407414,0.20000000000000284,4.221429398148139,-2.411220287332758,0.8200000000000074,3.9512326388888823
candidate_normal_s28_20191128,expansion_candidate,candidate_normal,manufacturer_1,candidate_normal,candidate_normal,0,,28,2019-11-28 00:00:00,2019-12-05 00:00:00,7.0,candidate_normal_7d,1008,1008,1.0,candidate_normal_window,,,3.0559722222222216,0.4694444444444468,5.580000000000001,-0.0355555555555469,-0.3772916666666646,71.45825404798654,-0.40518325617284034,0.02789158950617293,-0.18000000000000682,-0.6268634259259187,0.06652716796892344,-2.8299999999999983,-0.4875906635802636
candidate_normal_s28_20191228,expansion_candidate,candidate_normal,manufacturer_1,candidate_normal,candidate_normal,0,,28,2019-12-28 00:00:00,2020-01-04 00:00:00,7.0,candidate_normal_7d,1008,1008,1.0,candidate_normal_window,,,0.203125,-1.7249999999999992,-2.55,-0.21034722222222513,0.06070601851852331,-209.26553270108076,0.07148148148148437,-0.010775462962963167,-0.5500000000000043,0.28495949074073224,-0.9130707534083264,-0.12000000000001165,0.25403935185185844
candidate_normal_s29_20191012,expansion_candidate,candidate_normal,manufacturer_1,candidate_normal,candidate_normal,0,,29,2019-10-12 00:00:00,2019-10-19 00:00:00,7.0,candidate_normal_7d,1008,1008,1.0,candidate_normal_window,,,0.11430555555555699,-2.062222222222223,-1.6950000000000003,-4.083263888888887,-0.02116222993826966,6.377410924651201,-1.5084876543209873,1.487325424382716,-4.354999999999997,0.5968142361111006,-0.3820091035093798,-34.77,1.4484336419753134
candidate_normal_s29_20191111,expansion_candidate,candidate_normal,manufacturer_1,candidate_normal,candidate_normal,0,,29,2019-11-11 00:00:00,2019-11-18 00:00:00,7.0,candidate_normal_7d,1008,1008,1.0,candidate_normal_window,,,1.0970833333333339,0.375,2.3200000000000003,-2.802638888888886,0.30154128086420684,10.34199931123095,0.7947530864197603,-0.49321180555555477,1.9499999999999957,1.3676485339506144,-0.5245554271436239,-0.5200000000000031,-1.0322280092592564
candidate_normal_s30_20191206,expansion_candidate,candidate_normal,manufacturer_1,candidate_normal,candidate_normal,0,,30,2019-12-06 00:00:00,2019-12-13 00:00:00,7.0,candidate_normal_7d,1008,1008,1.0,candidate_normal_window,,,2.4847222222222225,-0.4858333333333311,-0.3700000000000001,-2.098472222222213,3.0630536265432085,3.8152833091403267,-2.6793981481481524,5.74245177469136,5.259999999999998,1.9601871141975238,-0.32385989042883967,-0.7100000000000009,1.7324382716049342
candidate_normal_s30_20200204,expansion_candidate,candidate_normal,manufacturer_1,candidate_normal,candidate_normal,0,,30,2020-02-04 00:00:00,2020-02-11 00:00:00,7.0,candidate_normal_7d,1008,1008,1.0,candidate_normal_window,,,2.721203703703704,-2.8309259259259263,-8.675,-0.23875000000000313,3.356669367283949,-8.688211423034318,1.7197530864197574,1.6369162808641966,12.394999999999996,6.217346064814826,-3.8845114113464874,1.25,7.60097723765432
candidate_normal_s31_20190829,expansion_candidate,candidate_normal,manufacturer_1,candidate_normal,candidate_normal,0,,31,2019-08-29 00:00:00,2019-09-05 00:00:00,7.0,candidate_normal_7d,1008,1008,1.0,candidate_normal_window,,,,,,1.1599999999999966,0.25084490740741217,5.3735626304533355,-2.7054398148148167,2.9562847222222226,-6.780000000000001,3.7936631944444414,2.745405743580725,-4.290000000000006,0.0
candidate_normal_s31_20190928,expansion_candidate,candidate_normal,manufacturer_1,candidate_normal,candidate_normal,0,,31,2019-09-28 00:00:00,2019-10-05 00:00:00,7.0,candidate_normal_7d,1008,1008,1.0,candidate_normal_window,,,,,,0.2686322751322834,-1.1559625496031671,6.956743584246908,-1.7771715167548479,0.6212089671516754,33.900000000000006,1.2545035273368512,0.05553937948246013,8.670000000000002,0.0
candidate_normal_s32_20180610,expansion_candidate,candidate_normal,manufacturer_1,candidate_normal,candidate_normal,0,,32,2018-06-10 00:00:00,2018-06-17 00:00:00,7.0,candidate_normal_7d,1008,1008,1.0,candidate_normal_window,,,5.415277777777774,-2.3680555555555536,5.899999999999999,-0.14652777777777715,-1.1706597222222257,,,,,-1.8295717592592595,-3.7931307137144303,5.350000000000001,-3.3572337962962955
candidate_normal_s32_20180710,expansion_candidate,candidate_normal,manufacturer_1,candidate_normal,candidate_normal,0,,32,2018-07-10 00:00:00,2018-07-17 00:00:00,7.0,candidate_normal_7d,1008,1008,1.0,candidate_normal_window,,,1.7041666666666657,-1.0680555555555564,4.5000000000000036,0.33680555555555713,-0.8809606481481396,123.30628510801932,2.944444444444443,-3.825405092592593,-4.166666666666657,-1.644386574074069,-1.441186617347538,2.5,-5.7800925925925934
candidate_normal_s33_20150224,expansion_candidate,candidate_normal,manufacturer_1,candidate_normal,candidate_normal,0,,33,2015-02-24 00:00:00,2015-03-03 00:00:00,7.0,candidate_normal_7d,1008,1008,1.0,candidate_normal_window,,,2.114583333333334,2.144444444444445,2.0500000000000007,0.21458333333333712,1.2943865740740677,,,,,2.0056134259259366,-1.0046145817983057,-1.1499999999999915,2.1018518518518547
candidate_normal_s33_20150326,expansion_candidate,candidate_normal,manufacturer_1,candidate_normal,candidate_normal,0,,33,2015-03-26 00:00:00,2015-04-02 00:00:00,7.0,candidate_normal_7d,1008,1008,1.0,candidate_normal_window,,,4.356944444444443,-1.5236111111111077,-8.5,-0.7958333333333272,0.46307870370370807,-34.095384057167564,-0.8522685185185139,1.3153472222222222,8.623333333333335,0.9748263888888928,-2.798004901236886,0.15000000000000568,1.259085648148151
candidate_normal_s34_20170731,expansion_candidate,candidate_normal,manufacturer_1,candidate_normal,candidate_normal,0,,34,2017-07-31 00:00:00,2017-08-07 00:00:00,7.0,candidate_normal_7d,1008,1008,1.0,candidate_normal_window,,,3.435416666666665,-4.513888888888889,-3.1499999999999986,-0.15486111111110645,-2.6163194444444393,,,,,-4.062037037037037,-8.467190405266875,0.09999999999999787,-3.7420138888888896
candidate_normal_s34_20170830,expansion_candidate,candidate_normal,manufacturer_1,candidate_normal,candidate_normal,0,,34,2017-08-30 00:00:00,2017-09-06 00:00:00,7.0,candidate_normal_7d,1008,1008,1.0,candidate_normal_window,,,3.1326388888888914,-0.2597222222222193,-5.25,-0.10000000000000497,-0.33153935185184835,,,,,-0.41724537037037024,-0.05824807563366202,-0.5,0.0
candidate_normal_s35_20170731,expansion_candidate,candidate_normal,manufacturer_1,candidate_normal,candidate_normal,0,,35,2017-07-31 00:00:00,2017-08-07 00:00:00,7.0,candidate_normal_7d,1008,1008,1.0,candidate_normal_window,,,3.9777777777777743,-6.2819444444444414,-2.8000000000000007,-0.07847222222222427,-1.705844907407407,,,,,-2.012962962962966,-4.597229085643088,-1.3000000000000007,-0.625
candidate_normal_s35_20170830,expansion_candidate,candidate_normal,manufacturer_1,candidate_normal,candidate_normal,0,,35,2017-08-30 00:00:00,2017-09-06 00:00:00,7.0,candidate_normal_7d,1008,1008,1.0,candidate_normal_window,,,3.8027777777777807,-1.2972222222222207,-5.800000000000001,-0.16458333333333286,-0.9416666666666664,,,,,-1.631539351851849,-1.698091591475092,-1.1999999999999993,0.0
